haafez_self,vjobs_self,applied_out_fl,driving_fl,interviewed_out_fl,employed_now_out_fl,outside_objective,outside_guess,outside_others_fl,min_wage_fl_per,children,outside_others_fl2,interview_sched_out_fl,matched,session,outside_self,semiseg_self,mwage_self,outside_others,semiseg_others,mwage_others,employed_wife,employed_now,education,age,secondary,num_knows_per,num_mfs_per,signed_up_number,outside_wedge,condition2,outside_confidence,employed_3mos_out_fl
1,1,0,0,0,0,26.78571428571429,30,15,NA,0,0.5,0,1,1,1,1,1,29,29,29,1,1,6,20,1,0.9666666666666667,0.9666666666666667,1,3.2142857142857117,0,5,0
1,1,0,0,0,0,26.78571428571429,30,15,NA,2,0.5,0,1,1,1,1,1,29,8,14,1,1,3,21,1,0.9666666666666667,0.9666666666666667,0,3.2142857142857117,1,1,0
1,0,0,0,0,0,26.78571428571429,9,25,NA,1,0.8333333333333334,0,1,3,1,1,1,8,8,6,1,1,3,20,1,0.3333333333333333,0.3333333333333333,0,-17.78571428571429,0,3,0
1,1,0,0,0,0,26.78571428571429,7,17,NA,1,0.5666666666666667,0,1,4,1,1,1,6,5,2,1,1,3,18,1,0.9666666666666667,0.9666666666666667,0,-19.78571428571429,0,2,0
0,0,0,0,0,0,26.78571428571429,1,11,NA,0,0.36666666666666664,0,1,4,1,1,1,0,29,0,0,0,3,19,1,0.9666666666666667,0.3333333333333333,0,-25.78571428571429,1,1,0
1,1,0,0,0,0,26.78571428571429,14,9,NA,0,0.3,0,1,5,1,1,1,13,15,14,1,1,6,23,1,0.16666666666666666,0.16666666666666666,0,-12.785714285714288,1,5,0
1,1,0,1,0,0,26.78571428571429,27,10,NA,2,0.3333333333333333,0,1,5,1,1,1,26,26,26,1,1,7,25,1,0.16666666666666666,0.16666666666666666,1,0.21428571428571175,1,5,0
1,1,0,0,0,0,26.78571428571429,30,7,NA,2,0.23333333333333334,0,1,6,1,1,1,29,29,29,0,1,3,22,1,0.9666666666666667,0.9666666666666667,1,3.2142857142857117,0,5,0
0,1,0,0,0,0,26.78571428571429,6,29,NA,3,0.9666666666666667,0,1,7,0,1,0,6,16,12,0,1,6,28,1,0.9666666666666667,0.16666666666666666,0,-20.78571428571429,0,2,0
1,1,0,0,0,0,26.78571428571429,30,25,NA,3,0.8333333333333334,0,1,11,1,1,1,29,29,3,1,1,7,30,1,0.9666666666666667,0.16666666666666666,0,3.2142857142857117,0,5,0
1,1,0,0,0,0,26.78571428571429,26,12,NA,2,0.4,0,1,12,1,1,1,25,24,26,1,1,6,30,1,0.9666666666666667,0.9666666666666667,0,-0.7857142857142883,1,4,0
1,1,0,0,0,0,26.78571428571429,10,10,NA,1,0.3333333333333333,0,1,13,1,1,1,9,22,4,1,1,6,27,1,0.16666666666666666,0.16666666666666666,0,-16.78571428571429,1,2,0
1,1,0,0,0,0,26.78571428571429,30,15,NA,3,0.5,0,1,14,1,1,1,29,29,29,1,1,6,23,1,0.9666666666666667,0.3333333333333333,1,3.2142857142857117,0,5,0
1,1,0,0,0,0,26.78571428571429,10,12,NA,3,0.4,0,1,17,1,1,1,9,9,10,1,1,7,27,1,0,0,0,-16.78571428571429,0,3,0
1,1,0,0,0,0,26.78571428571429,30,25,0.13333333333333333,2,0.8333333333333334,0,1,1,1,1,1,29,27,3,1,1,5,24,1,0.9666666666666667,0.5,1,3.2142857142857117,0,5,0
1,1,0,1,0,0,26.78571428571429,23,10,0,2,0.3333333333333333,0,1,1,1,1,0,22,14,12,1,1,3,20,1,0.9666666666666667,0.3333333333333333,0,-3.7857142857142883,1,3,0
1,1,0,0,0,0,26.78571428571429,26,5,0.1,0,0.16666666666666666,0,1,1,1,1,0,25,24,20,0,0,3,28,1,0,0,0,-0.7857142857142883,0,3,0
1,1,0,0,0,0,26.78571428571429,20,2,0.23333333333333334,1,0.06666666666666667,0,1,1,1,1,1,19,26,15,0,1,3,18,1,0.9666666666666667,0.9666666666666667,0,-6.785714285714288,0,5,0
0,1,0,1,0,0,26.78571428571429,29,15,0.5,2,0.5,0,1,1,1,1,1,28,24,16,1,1,6,29,1,0.9666666666666667,0.3333333333333333,0,2.2142857142857117,0,5,0
1,1,0,1,0,0,26.78571428571429,9,30,0.6666666666666666,1,1,0,1,1,1,0,1,8,8,6,1,1,3,22,1,0.9666666666666667,0.9666666666666667,0,-17.78571428571429,1,2,0
1,1,0,1,0,0,26.78571428571429,27,18,0.5,1,0.6,0,1,1,1,0,0,26,22,18,1,1,3,19,1,0.6666666666666666,0.16666666666666666,0,0.21428571428571175,0,4,0
0,1,0,1,0,0,26.78571428571429,16,20,0.3333333333333333,3,0.6666666666666666,0,1,1,1,1,0,15,25,19,1,1,3,35,1,0.3333333333333333,0.6666666666666666,1,-10.785714285714288,1,4,0
1,1,0,1,0,0,26.78571428571429,4,0,0,0,0,0,1,1,0,0,1,4,3,3,0,1,3,19,1,0.5,0.9666666666666667,0,-22.78571428571429,0,1,0
1,1,0,1,0,0,26.78571428571429,23,26,0,2,0.8666666666666667,0,1,1,1,1,1,22,19,22,1,1,6,35,1,0.9666666666666667,0.16666666666666666,0,-3.7857142857142883,0,5,0
1,1,0,1,0,0,26.78571428571429,6,20,1,2,0.6666666666666666,0,1,1,1,1,1,5,11,3,1,1,6,29,1,0.9666666666666667,0.3333333333333333,0,-20.78571428571429,1,2,0
1,1,0,1,0,0,26.78571428571429,25,25,0.1,2,0.8333333333333334,0,1,1,1,0,1,24,13,26,1,1,7,29,1,0,0,0,-1.7857142857142883,1,4,0
1,1,0,0,0,0,26.78571428571429,27,25,0.9666666666666667,1,0.8333333333333334,0,1,1,1,1,1,26,22,3,0,1,5,20,1,0.9666666666666667,0.6666666666666666,0,0.21428571428571175,0,3,0
1,1,0,1,0,0,26.78571428571429,7,0,0.5,1,0,0,1,1,1,1,1,6,10,5,1,1,5,23,1,0.16666666666666666,0.16666666666666666,0,-19.78571428571429,1,2,0
1,1,0,0,0,0,29.11764705882353,6,15,0.23333333333333334,2,0.5,0,1,1,0,1,0,6,29,29,0,1,3,18,1,0.9666666666666667,0.6666666666666666,0,-23.11764705882353,0,2,0
1,1,0,1,0,0,29.11764705882353,24,25,0.1,0,0.8333333333333334,0,1,1,1,1,0,23,24,25,0,1,3,18,1,0.9666666666666667,0.16666666666666666,0,-5.117647058823529,0,4,0
0,0,0,0,0,0,29.11764705882353,30,19,0.5333333333333333,1,0.6333333333333333,0,1,1,1,1,1,29,29,19,1,1,6,28,1,0.5,0.6666666666666666,0,0.882352941176471,0,5,0
1,1,0,1,0,0,29.11764705882353,30,14,0,2,0.4666666666666667,0,1,1,1,1,1,29,19,18,0,0,3,18,1,0.16666666666666666,0.3333333333333333,1,0.882352941176471,0,5,0
0,0,1,1,0,0,29.11764705882353,25,15,0.16666666666666666,1,0.5,0,1,1,1,1,0,24,14,16,1,1,5,25,1,0.16666666666666666,0.9666666666666667,0,-4.117647058823529,1,4,0
1,0,0,1,0,0,29.11764705882353,11,10,0.4666666666666667,2,0.3333333333333333,0,1,1,1,1,1,10,5,10,0,1,7,25,1,0.9666666666666667,0.3333333333333333,0,-18.11764705882353,0,5,0
0,0,0,1,0,0,29.11764705882353,29,25,0.16666666666666666,1,0.8333333333333334,0,1,1,0,1,1,29,28,29,1,1,3,23,1,0.9666666666666667,0.9666666666666667,0,-0.117647058823529,1,5,0
1,1,0,1,0,0,29.11764705882353,24,30,0.03333333333333333,4,1,0,1,1,1,1,0,23,23,18,1,1,4,34,1,0.9666666666666667,0.9666666666666667,1,-5.117647058823529,0,3,0
0,1,0,0,0,0,29.11764705882353,17,10,0.2,2,0.3333333333333333,0,1,1,1,0,0,16,21,19,0,1,3,18,1,0.16666666666666666,0.16666666666666666,0,-12.117647058823529,0,3,0
1,1,0,1,0,1,29.11764705882353,21,NA,NA,1,NA,0,0,1,1,1,0,20,15,4,1,1,5,23,1,0.16666666666666666,0.16666666666666666,0,-8.117647058823529,0,4,1
1,1,0,0,0,0,29.11764705882353,30,10,0.36666666666666664,2,0.3333333333333333,0,1,1,1,1,1,29,29,29,1,1,6,25,1,0.9666666666666667,0.9666666666666667,0,0.882352941176471,1,5,0
1,1,0,1,0,0,29.11764705882353,30,28,0.8333333333333334,1,0.9333333333333333,0,1,1,1,1,1,29,29,20,1,1,3,18,1,0.9666666666666667,0.9666666666666667,0,0.882352941176471,0,5,0
1,1,0,1,0,0,29.11764705882353,29,2,0.16666666666666666,2,0.06666666666666667,0,1,2,1,1,1,28,19,12,1,1,3,19,1,0.9666666666666667,0.16666666666666666,0,-0.117647058823529,0,4,0
1,1,0,0,0,0,29.11764705882353,21,25,0.23333333333333334,3,0.8333333333333334,0,1,2,1,1,1,20,20,25,1,1,6,27,1,0.8333333333333334,0.6666666666666666,0,-8.117647058823529,1,4,0
1,1,0,1,0,0,29.11764705882353,29,24,0.26666666666666666,0,0.8,0,1,2,1,0,0,28,27,28,1,1,3,19,1,0.8333333333333334,0.16666666666666666,0,-0.117647058823529,0,5,0
1,1,0,1,0,0,29.11764705882353,17,21,0.6666666666666666,3,0.7,0,1,2,1,1,1,16,18,22,1,1,5,19,1,0.8333333333333334,0.16666666666666666,0,-12.117647058823529,1,3,0
1,1,0,1,0,0,29.11764705882353,30,15,0.3,1,0.5,0,1,2,1,1,1,29,17,15,1,1,3,26,1,0.9666666666666667,0.16666666666666666,0,0.882352941176471,1,5,0
1,1,0,0,0,0,29.11764705882353,24,3,0.16666666666666666,0,0.1,0,1,2,1,1,0,23,25,20,0,1,5,29,1,0.9666666666666667,0.9666666666666667,0,-5.117647058823529,0,3,0
1,1,0,0,0,0,29.11764705882353,11,NA,NA,3,NA,0,0,2,1,1,1,10,16,9,1,1,5,19,1,0.3333333333333333,0.16666666666666666,0,-18.11764705882353,0,4,0
1,0,0,1,0,0,29.11764705882353,11,5,0.5,2,0.16666666666666666,0,1,2,1,1,1,10,16,14,1,1,5,26,1,0.3333333333333333,0.3333333333333333,1,-18.11764705882353,0,2,0
1,1,0,1,0,1,29.11764705882353,21,15,0.6666666666666666,4,0.5,0,1,2,1,1,1,20,20,15,1,0,3,30,1,0.9666666666666667,0,0,-8.117647058823529,0,4,1
1,0,1,1,0,0,29.11764705882353,24,25,0.3333333333333333,3,0.8333333333333334,0,1,2,1,1,1,23,20,22,1,1,8,34,1,0.9666666666666667,0.5,1,-5.117647058823529,1,3,0
1,1,0,1,0,1,29.11764705882353,18,15,0.8333333333333334,4,0.5,0,1,2,1,0,1,17,13,21,1,1,3,33,1,0.9666666666666667,0,0,-11.117647058823529,0,3,1
1,1,0,1,0,0,29.11764705882353,26,10,0.43333333333333335,0,0.3333333333333333,0,1,2,1,1,1,25,22,27,0,1,6,26,1,0.6666666666666666,0.3333333333333333,0,-3.117647058823529,0,4,0
1,1,0,1,0,0,29.11764705882353,30,10,0.3333333333333333,0,0.3333333333333333,0,1,2,1,0,0,29,29,29,0,1,6,25,1,0.9666666666666667,0,0,0.882352941176471,0,5,0
1,1,0,0,0,0,29.11764705882353,30,NA,NA,0,NA,0,0,2,1,1,0,29,29,29,0,1,3,18,1,0.8333333333333334,0.16666666666666666,0,0.882352941176471,1,5,0
1,1,0,1,0,1,29.11764705882353,25,29,0.26666666666666666,1,0.9666666666666667,0,1,2,1,1,1,24,28,23,1,1,5,21,1,0.9666666666666667,0.16666666666666666,0,-4.117647058823529,1,4,1
1,1,0,1,0,0,29.11764705882353,10,15,0.5,4,0.5,0,1,2,1,1,1,9,13,10,1,1,3,22,1,0.8333333333333334,0.16666666666666666,0,-19.11764705882353,0,4,0
1,1,0,1,0,0,29.11764705882353,25,10,0.2,2,0.3333333333333333,0,1,2,0,1,1,25,27,26,0,1,3,24,1,0,0,1,-4.117647058823529,0,3,0
1,1,0,1,0,1,29.11764705882353,16,5,0.1,0,0.16666666666666666,0,1,2,1,1,1,15,20,29,1,1,3,20,1,0.9666666666666667,0.16666666666666666,0,-13.117647058823529,0,4,1
1,1,0,1,0,0,29.11764705882353,13,15,0.3333333333333333,0,0.5,0,1,2,1,1,1,12,19,6,1,1,3,20,1,0.9666666666666667,0.3333333333333333,0,-16.11764705882353,0,4,0
1,1,0,0,0,0,29.11764705882353,28,NA,NA,2,NA,0,0,2,1,1,1,27,26,25,1,1,5,24,1,0.9666666666666667,0.9666666666666667,0,-1.117647058823529,0,4,0
0,1,0,1,0,0,29.11764705882353,14,6,0.5666666666666667,4,0.2,0,1,2,1,1,1,13,21,12,0,1,5,32,1,0.9666666666666667,0.9666666666666667,0,-15.117647058823529,1,3,0
1,1,0,0,0,0,29.11764705882353,16,15,0.43333333333333335,1,0.5,0,1,2,1,1,0,15,29,0,1,1,6,25,1,0.9666666666666667,0.16666666666666666,1,-13.117647058823529,1,3,0
1,1,1,1,1,1,27.93103448275862,27,26,0.4,0,0.8666666666666667,0,1,2,1,0,1,26,13,23,0,0,6,25,1,0.9666666666666667,0.16666666666666666,1,-0.9310344827586192,1,5,0
1,1,0,0,0,0,27.93103448275862,29,4,0.3333333333333333,1,0.13333333333333333,0,1,2,1,1,1,28,28,24,1,1,5,23,1,0.9666666666666667,0.9666666666666667,1,1.0689655172413808,0,4,0
1,1,0,1,0,0,27.93103448275862,29,15,0.26666666666666666,0,0.5,0,1,2,1,1,0,28,23,26,1,0,3,18,1,0.9666666666666667,0.16666666666666666,0,1.0689655172413808,1,5,0
1,1,0,1,0,0,27.93103448275862,30,10,0.5,2,0.3333333333333333,0,1,2,1,1,1,29,29,29,1,1,5,28,1,0.5,0.5,1,2.068965517241381,0,5,0
1,1,0,0,0,0,27.93103448275862,29,30,0.8333333333333334,0,1,0,1,2,1,0,0,28,28,28,0,1,3,18,1,0.8333333333333334,0.16666666666666666,0,1.0689655172413808,1,5,0
0,0,0,1,0,0,27.93103448275862,16,25,0.1,0,0.8333333333333334,0,1,2,1,1,1,15,19,5,1,0,3,21,1,0.16666666666666666,0.16666666666666666,1,-11.93103448275862,1,3,0
1,1,1,1,0,0,27.93103448275862,19,26,0.6666666666666666,2,0.8666666666666667,0,1,2,1,1,1,18,18,18,1,1,3,22,1,0.8333333333333334,0.5,0,-8.93103448275862,1,3,0
1,0,0,1,0,0,27.93103448275862,15,30,0.36666666666666664,1,1,0,1,3,1,1,1,14,9,18,0,1,3,22,1,0.9666666666666667,0.9666666666666667,0,-12.93103448275862,0,3,0
1,1,0,1,0,0,27.93103448275862,23,10,0.5,1,0.3333333333333333,0,1,3,1,1,1,22,20,16,1,1,3,20,1,0.9666666666666667,0.16666666666666666,0,-4.931034482758619,1,5,0
1,1,0,1,0,0,27.93103448275862,19,19,0.26666666666666666,1,0.6333333333333333,0,1,3,1,1,1,18,16,16,1,1,3,19,1,0.9666666666666667,0,0,-8.93103448275862,1,3,0
1,1,0,1,0,0,27.93103448275862,20,7,0.3333333333333333,1,0.23333333333333334,0,1,3,1,1,1,19,11,4,1,1,3,19,1,0,0.16666666666666666,0,-7.931034482758619,0,3,0
1,1,1,1,0,0,27.93103448275862,12,25,0.5,1,0.8333333333333334,0,1,3,1,1,0,11,8,14,1,1,5,25,1,0.9666666666666667,0.9666666666666667,1,-15.93103448275862,1,2,0
1,1,0,0,0,0,27.93103448275862,21,15,0,2,0.5,0,1,3,1,1,1,20,16,19,1,1,3,20,1,0.9666666666666667,0.9666666666666667,0,-6.931034482758619,0,4,0
1,0,1,1,0,0,27.93103448275862,30,15,0.3333333333333333,0,0.5,0,1,3,1,1,1,29,29,2,0,1,3,24,1,0.9666666666666667,0.9666666666666667,0,2.068965517241381,1,1,0
1,1,0,1,0,0,27.93103448275862,30,20,0.6333333333333333,1,0.6666666666666666,0,1,3,1,1,1,29,22,17,1,1,3,22,1,0.9666666666666667,0.9666666666666667,0,2.068965517241381,0,3,0
1,0,0,1,0,0,27.93103448275862,14,10,0.5,1,0.3333333333333333,0,1,3,1,1,0,13,16,16,1,1,3,21,1,0.9666666666666667,0.3333333333333333,1,-13.93103448275862,0,4,0
1,1,1,1,0,0,27.93103448275862,27,15,1,1,0.5,0,1,3,1,0,1,26,17,29,0,1,5,20,1,0.9666666666666667,0.9666666666666667,1,-0.9310344827586192,1,3,0
1,1,0,1,0,0,27.93103448275862,26,0,0,1,0,0,1,3,1,1,1,25,24,23,1,1,3,24,1,0.9666666666666667,0,1,-1.9310344827586192,1,5,0
1,1,1,1,1,0,27.93103448275862,29,20,0.16666666666666666,1,0.6666666666666666,0,1,3,0,1,1,29,28,29,0,1,3,19,1,0.9666666666666667,0.9666666666666667,1,1.0689655172413808,1,5,0
1,1,0,1,0,0,27.93103448275862,24,0,0.13333333333333333,3,0,0,1,3,1,1,1,23,22,19,1,1,5,28,1,0.16666666666666666,0.16666666666666666,1,-3.931034482758619,1,2,0
1,1,0,0,0,0,27.93103448275862,10,4,0.2,3,0.13333333333333333,0,1,3,1,1,1,9,3,3,1,1,8,19,1,0.9666666666666667,0.9666666666666667,0,-17.93103448275862,0,2,0
1,0,0,1,0,0,27.93103448275862,10,20,1,2,0.6666666666666666,0,1,3,1,1,1,9,17,16,1,1,7,26,1,0.9666666666666667,0.6666666666666666,1,-17.93103448275862,1,2,1
0,1,0,0,0,0,27.93103448275862,17,10,0.6666666666666666,1,0.3333333333333333,0,1,3,1,1,1,16,18,19,0,1,6,25,1,0.9666666666666667,0.9666666666666667,0,-10.93103448275862,1,3,0
1,1,0,1,0,0,27.93103448275862,23,28,0.3333333333333333,1,0.9333333333333333,0,1,3,1,1,1,22,17,22,1,1,3,21,1,0.9666666666666667,0.6666666666666666,0,-4.931034482758619,1,3,0
1,1,0,1,0,0,27.93103448275862,30,19,0.16666666666666666,2,0.6333333333333333,0,1,3,1,1,1,29,29,29,1,1,5,22,1,0.9666666666666667,0.3333333333333333,0,2.068965517241381,1,5,0
0,1,0,1,0,0,27.93103448275862,30,25,1,1,0.8333333333333334,0,1,3,1,0,1,29,2,10,1,1,3,23,1,0.9666666666666667,0.8333333333333334,0,2.068965517241381,1,3,0
1,1,0,1,0,0,27.93103448275862,14,15,0.03333333333333333,1,0.5,0,1,3,1,1,1,13,0,29,1,1,5,25,1,0,0.16666666666666666,0,-13.93103448275862,0,2,1
0,0,0,1,0,0,27.93103448275862,28,12,0.3333333333333333,0,0.4,0,1,3,1,1,0,27,17,24,0,1,4,20,1,0.9666666666666667,0.3333333333333333,0,0.06896551724138078,0,5,0
1,1,0,1,0,0,27.93103448275862,14,10,0.5,1,0.3333333333333333,0,1,3,1,1,1,13,13,20,1,1,5,20,1,0.9666666666666667,0,0,-13.93103448275862,0,3,0
1,0,0,0,0,0,29,17,NA,NA,3,NA,0,0,3,1,1,1,16,16,16,1,0,3,22,1,0.9666666666666667,0,0,-12,0,3,0
1,1,0,1,0,1,29,1,10,0.16666666666666666,2,0.3333333333333333,0,1,4,1,1,1,0,29,1,1,1,5,34,1,0.9666666666666667,0.6666666666666666,1,-28,0,5,1
1,1,0,0,0,0,29,13,30,0.6,2,1,0,1,4,1,1,1,12,23,16,1,1,5,20,1,0.16666666666666666,0.16666666666666666,0,-16,0,3,0
1,1,1,1,0,0,29,29,25,0.16666666666666666,1,0.8333333333333334,0,1,4,1,1,1,28,29,29,1,1,3,18,1,0,0.9666666666666667,1,0,1,5,0
1,1,0,1,0,1,29,15,15,0,0,0.5,0,1,4,1,1,1,14,9,10,1,0,3,18,1,0.16666666666666666,0.16666666666666666,1,-14,1,3,1
1,1,0,0,0,0,29,25,20,0.16666666666666666,2,0.6666666666666666,0,1,4,1,1,1,24,25,23,1,1,6,30,1,0.9666666666666667,0.16666666666666666,0,-4,0,5,0
1,1,0,1,0,0,29,30,30,0.5333333333333333,0,1,0,1,4,1,1,1,29,29,24,1,1,7,23,1,0.9666666666666667,0.9666666666666667,0,1,0,5,0
1,1,0,1,0,0,29,1,25,0.9333333333333333,0,0.8333333333333334,0,1,4,1,1,1,0,0,19,1,1,6,24,1,0.9666666666666667,0.9666666666666667,1,-28,1,1,0
1,1,0,1,0,0,29,17,30,0.3333333333333333,3,1,0,1,4,1,1,1,16,29,13,1,1,6,24,1,0.5,0.5,1,-12,1,4,0
1,1,0,1,0,0,29,20,5,1,0,0.16666666666666666,0,1,4,1,1,1,19,29,29,1,1,6,27,1,0.9666666666666667,0,0,-9,0,5,0
1,1,0,1,0,0,29,30,10,1,2,0.3333333333333333,0,1,4,1,1,1,29,28,25,1,1,3,20,1,0.9666666666666667,0.9666666666666667,1,1,1,5,0
1,0,1,1,0,0,29,20,7,0.5,1,0.23333333333333334,0,1,4,1,1,0,19,19,17,1,1,5,26,1,0.9666666666666667,0.9666666666666667,0,-9,0,4,0
1,1,0,1,0,0,29,20,20,0.5,0,0.6666666666666666,0,1,4,1,1,1,19,29,17,1,0,3,20,1,0.16666666666666666,0.9666666666666667,0,-9,1,4,0
1,1,0,1,0,0,29,30,20,0.5,0,0.6666666666666666,0,1,4,1,1,1,29,29,29,1,0,3,18,1,0.9666666666666667,0.9666666666666667,0,1,1,5,0
1,0,0,1,0,0,29,23,25,0.6666666666666666,1,0.8333333333333334,0,1,4,1,1,0,22,2,15,1,0,6,23,1,0.9666666666666667,0.9666666666666667,1,-6,0,4,0
1,1,0,1,0,0,29,24,6,0.13333333333333333,3,0.2,0,1,4,1,1,1,23,22,0,1,1,7,27,1,0.9666666666666667,0.16666666666666666,0,-5,0,4,0
1,1,1,1,1,0,29,9,15,0.6666666666666666,0,0.5,0,1,4,0,1,1,9,16,13,1,1,3,18,1,0.16666666666666666,0.16666666666666666,0,-20,1,3,0
1,1,0,1,0,0,29,1,12,0,1,0.4,0,1,4,1,1,1,0,0,0,1,1,3,18,1,0,0,0,-28,0,1,0
1,1,0,1,0,0,29,20,15,0.5,0,0.5,0,1,4,1,1,0,19,27,26,1,1,6,25,1,0.6666666666666666,0.6666666666666666,0,-9,1,4,0
1,1,1,1,1,0,29,21,15,0.6666666666666666,0,0.5,0,1,5,1,1,1,20,18,6,0,0,5,20,1,0.16666666666666666,0.16666666666666666,1,-8,1,3,0
1,1,0,1,0,0,29,25,15,0.5,2,0.5,0,1,5,1,1,1,24,23,23,1,1,6,22,1,0.3333333333333333,0.3333333333333333,0,-4,1,5,0
1,1,0,1,0,0,29,29,25,0.3333333333333333,3,0.8333333333333334,0,1,5,1,1,1,28,28,28,1,1,6,27,1,0.16666666666666666,0.3333333333333333,1,0,0,4,0
1,0,0,0,0,0,29,30,15,0.6666666666666666,1,0.5,0,1,5,1,1,1,29,29,23,1,1,6,22,1,0,0,0,1,1,5,0
1,1,0,1,0,0,29,25,30,0.3333333333333333,1,1,0,1,5,1,1,1,24,21,26,1,1,6,27,1,0,0,1,-4,0,5,0
1,1,0,1,0,0,29,13,5,0.5,0,0.16666666666666666,0,1,5,1,1,1,12,8,3,0,0,5,22,1,0.16666666666666666,0.16666666666666666,0,-16,0,3,0
1,1,0,1,0,1,29,5,15,0.06666666666666667,2,0.5,0,1,5,1,1,1,4,0,1,1,1,6,24,1,0.9666666666666667,0.9666666666666667,0,-24,0,1,1
1,1,0,1,0,0,29,15,15,1,1,0.5,0,1,5,1,1,1,14,10,10,1,1,6,25,1,0.16666666666666666,0.16666666666666666,0,-14,0,3,0
1,1,0,1,0,0,29,30,30,0.8333333333333334,1,1,0,1,5,1,1,1,29,29,29,1,1,5,21,1,0.3333333333333333,0.5,1,1,0,5,0
1,1,0,1,0,0,29,23,20,0.3333333333333333,1,0.6666666666666666,0,1,5,1,1,1,22,20,21,1,1,6,21,1,0.5,0.8333333333333334,0,-6,0,4,1
1,1,0,1,0,1,29,13,15,0.5,0,0.5,0,1,5,1,1,1,12,14,5,1,1,6,23,1,0.3333333333333333,0.3333333333333333,0,-16,0,1,1
1,1,0,1,0,0,30,30,30,0.5,1,1,0,1,5,1,1,1,29,29,20,1,1,6,21,1,0.16666666666666666,0.16666666666666666,1,0,1,5,0
1,0,1,0,0,0,30,30,0,0.4666666666666667,0,0,0,1,5,1,0,0,29,2,2,0,0,6,27,1,0.5,0.3333333333333333,0,0,1,5,0
1,0,0,1,0,0,30,11,7,0.3333333333333333,1,0.23333333333333334,0,1,5,1,0,1,10,6,16,1,1,5,23,1,0.16666666666666666,0.3333333333333333,0,-19,0,3,0
1,1,0,1,0,0,30,11,10,0.06666666666666667,0,0.3333333333333333,0,1,5,1,1,1,10,7,10,1,1,3,20,1,0.16666666666666666,0.16666666666666666,0,-19,0,3,0
1,1,1,1,0,0,30,18,15,0.1,3,0.5,0,1,5,1,1,1,17,20,6,1,1,6,27,1,0.16666666666666666,0,0,-12,1,3,0
1,1,0,1,0,0,30,30,30,0.03333333333333333,2,1,0,1,5,1,1,1,29,29,24,1,1,6,25,1,0.3333333333333333,0.3333333333333333,1,0,0,5,0
1,1,0,0,0,0,30,16,15,1,1,0.5,0,1,5,1,1,1,15,8,7,1,1,5,24,1,0.16666666666666666,0.16666666666666666,0,-14,0,4,0
0,1,1,1,0,0,30,6,15,0.6666666666666666,2,0.5,0,1,5,1,1,0,5,29,5,0,1,6,24,1,0.16666666666666666,0.16666666666666666,0,-24,1,3,0
1,1,1,1,0,0,30,2,20,0.7333333333333333,1,0.6666666666666666,1,1,5,1,1,1,1,2,2,1,1,6,23,1,0.3333333333333333,0.3333333333333333,1,-28,1,1,1
1,1,0,0,0,1,30,1,30,1,2,1,0,1,5,1,1,1,0,0,11,1,1,6,24,1,0.16666666666666666,0.16666666666666666,1,-29,0,1,1
1,1,0,1,0,0,30,30,15,0.6,1,0.5,0,1,5,1,1,1,29,29,29,1,1,5,24,1,0,0.16666666666666666,1,0,1,5,0
1,1,0,1,0,0,30,16,5,0.5333333333333333,0,0.16666666666666666,0,1,5,1,1,1,15,22,29,1,1,6,22,1,0.6666666666666666,0.5,1,-14,0,5,0
1,1,0,0,0,0,30,26,15,0.23333333333333334,1,0.5,0,1,6,1,1,1,25,26,29,1,1,6,22,1,0.9666666666666667,0.16666666666666666,0,-4,0,4,0
1,1,0,1,0,0,30,30,15,0.3333333333333333,2,0.5,0,1,6,1,1,1,29,26,26,1,1,3,24,1,0,0,0,0,1,2,0
1,1,0,1,0,0,30,16,15,0.5,2,0.5,0,1,6,1,1,1,15,16,24,1,1,6,25,1,0.9666666666666667,0.6666666666666666,0,-14,0,5,0
1,1,0,1,0,0,30,25,10,0.16666666666666666,2,0.3333333333333333,0,1,6,1,1,0,24,23,29,1,1,6,26,1,0,0,0,-5,1,4,0
1,1,0,0,0,0,30,29,10,0.3333333333333333,1,0.3333333333333333,0,1,6,1,1,1,28,28,26,1,1,6,23,1,0,0,0,-1,0,4,0
1,0,1,0,0,0,30,9,10,0.16666666666666666,0,0.3333333333333333,0,1,6,1,0,1,8,6,5,0,0,6,27,1,0,0,0,-21,0,1,0
1,1,0,1,0,0,30,21,10,0.26666666666666666,0,0.3333333333333333,0,1,6,1,1,1,20,10,12,1,1,6,23,1,0.16666666666666666,0.16666666666666666,0,-9,1,3,0
1,1,0,0,0,0,30,17,30,0,0,1,0,1,6,1,1,1,16,16,16,1,1,6,22,1,0.5,0.5,1,-13,1,3,0
1,1,0,1,0,0,30,11,5,0.3,2,0.16666666666666666,0,1,6,1,1,1,10,11,10,1,1,6,25,1,0,0,1,-19,0,3,0
1,1,0,1,0,0,30,27,25,0.6666666666666666,0,0.8333333333333334,0,1,6,1,1,1,26,29,23,1,1,6,30,1,0,0,1,-3,0,4,0
1,1,0,1,0,0,30,2,15,0.5666666666666667,1,0.5,0,1,6,1,1,1,1,0,16,1,1,6,24,1,0,0.16666666666666666,1,-28,1,4,0
1,1,0,1,0,0,30,30,20,0.4,3,0.6666666666666666,0,1,6,1,1,1,29,29,29,1,1,6,21,1,0.6666666666666666,0.3333333333333333,1,0,1,5,0
1,1,0,1,0,0,30,4,15,0.16666666666666666,2,0.5,0,1,6,1,1,1,3,15,3,1,1,6,30,1,0.16666666666666666,0.16666666666666666,0,-26,1,3,0
1,1,0,1,0,0,30,11,28,0.1,1,0.9333333333333333,0,1,6,1,1,1,10,13,7,0,1,5,20,1,0.3333333333333333,0.16666666666666666,0,-19,1,3,0
1,1,0,1,0,0,30,11,10,0.3333333333333333,0,0.3333333333333333,0,1,6,1,1,1,10,20,3,1,1,5,21,1,0,0,0,-19,1,5,0
1,1,0,1,0,0,28.846153846153847,19,30,1,2,1,0,1,6,1,1,1,18,20,20,1,1,6,25,1,0.16666666666666666,0.16666666666666666,0,-9.846153846153847,0,4,0
1,1,1,1,0,0,28.846153846153847,21,10,0.5333333333333333,2,0.3333333333333333,0,1,6,1,1,1,20,14,13,1,1,6,29,1,0,0,1,-7.846153846153847,0,5,0
1,1,0,1,0,0,28.846153846153847,30,18,0.4,2,0.6,0,1,6,1,1,1,29,29,29,1,1,5,21,1,0.5,0.5,0,1.1538461538461533,0,5,0
0,1,0,1,0,0,28.846153846153847,23,20,0.8333333333333334,1,0.6666666666666666,0,1,6,0,1,1,23,19,23,0,1,3,23,1,0.16666666666666666,0.3333333333333333,1,-5.846153846153847,1,2,0
1,1,0,1,0,0,28.846153846153847,24,15,0.5333333333333333,0,0.5,0,1,6,1,1,0,23,16,6,0,1,5,26,1,0,0,0,-4.846153846153847,0,5,0
1,1,0,1,0,0,28.846153846153847,27,15,0.3333333333333333,1,0.5,0,1,6,1,1,1,26,26,26,1,1,6,23,1,0.6666666666666666,0.16666666666666666,0,-1.8461538461538467,1,5,0
1,0,0,1,0,0,28.846153846153847,20,12,0.26666666666666666,0,0.4,0,1,6,1,0,1,19,17,6,1,1,6,27,1,0,0,1,-8.846153846153847,0,4,0
1,1,0,0,0,0,28.846153846153847,7,15,0.26666666666666666,2,0.5,0,1,6,1,1,1,6,29,7,1,1,6,25,1,0.16666666666666666,0.3333333333333333,0,-21.846153846153847,1,2,1
1,1,0,0,0,0,28.846153846153847,4,10,0.3333333333333333,2,0.3333333333333333,0,1,7,1,1,0,3,6,15,1,1,5,28,1,0.8333333333333334,0.3333333333333333,0,-24.846153846153847,1,4,0
1,1,0,1,0,0,28.846153846153847,22,15,0.3333333333333333,4,0.5,0,1,7,1,1,1,21,23,27,1,1,6,25,1,0.5,0.3333333333333333,1,-6.846153846153847,1,3,0
1,1,1,1,0,0,28.846153846153847,6,21,0.6666666666666666,0,0.7,0,1,7,0,1,1,6,19,10,0,1,5,22,1,0.6666666666666666,0.16666666666666666,0,-22.846153846153847,1,5,0
0,1,0,1,0,0,28.846153846153847,17,20,0.16666666666666666,2,0.6666666666666666,0,1,7,1,0,0,16,9,3,0,1,6,28,1,0.9666666666666667,0,0,-11.846153846153847,1,3,0
0,1,0,1,0,0,28.846153846153847,15,10,0.2,0,0.3333333333333333,0,1,7,1,1,1,14,16,15,0,1,6,28,1,0,0,0,-13.846153846153847,1,3,0
1,0,0,0,0,0,28.846153846153847,9,1,0.26666666666666666,3,0.03333333333333333,0,1,7,0,1,1,9,17,12,0,1,6,27,1,0.9666666666666667,0.16666666666666666,0,-19.846153846153847,0,4,0
1,0,0,1,0,0,28.846153846153847,30,15,0.8333333333333334,0,0.5,0,1,7,1,1,1,29,29,11,0,0,6,26,1,0.9666666666666667,0.16666666666666666,0,1.1538461538461533,1,5,0
1,1,0,1,0,0,28.846153846153847,14,30,0.8333333333333334,0,1,0,1,7,1,1,0,13,10,13,1,1,7,22,1,0.5,0.3333333333333333,0,-14.846153846153847,0,3,0
1,1,0,0,0,0,28.846153846153847,30,15,0.16666666666666666,0,0.5,0,1,7,1,1,1,29,28,10,0,1,3,22,1,0.3333333333333333,0.16666666666666666,0,1.1538461538461533,0,5,0
1,1,1,0,1,0,28.846153846153847,17,15,1,0,0.5,0,1,7,1,1,0,16,29,19,0,1,6,30,1,0.6666666666666666,0.6666666666666666,0,-11.846153846153847,1,3,0
1,1,0,0,0,0,28.846153846153847,21,20,0.3333333333333333,1,0.6666666666666666,0,1,7,1,1,0,20,10,10,1,1,3,26,1,0.16666666666666666,0.16666666666666666,0,-7.846153846153847,0,4,0
1,1,0,0,0,0,28.846153846153847,18,15,0.3,2,0.5,0,1,7,1,1,1,17,29,16,1,1,7,27,1,0.16666666666666666,0.16666666666666666,0,-10.846153846153847,0,3,0
1,1,0,1,0,0,28.846153846153847,8,10,0.5,1,0.3333333333333333,0,1,7,1,1,1,7,1,23,1,1,5,25,1,0.9666666666666667,0.16666666666666666,1,-20.846153846153847,0,1,0
0,1,0,0,0,0,28.846153846153847,11,10,0.3333333333333333,0,0.3333333333333333,0,1,7,1,1,1,10,10,7,0,1,6,25,1,0.3333333333333333,0.3333333333333333,0,-17.846153846153847,0,2,0
1,1,0,0,0,0,28.846153846153847,30,15,0.6666666666666666,2,0.5,0,1,7,1,1,1,29,13,12,0,1,6,24,1,0.3333333333333333,0.16666666666666666,1,1.1538461538461533,0,1,0
1,1,0,1,0,0,28.846153846153847,6,15,0.2,2,0.5,0,1,7,1,1,1,5,7,8,1,0,3,22,1,0.8333333333333334,0.5,0,-22.846153846153847,1,2,0
1,1,0,1,0,0,28.846153846153847,30,20,0.5,2,0.6666666666666666,0,1,7,1,1,0,29,21,16,1,1,8,26,1,0.9666666666666667,0.8333333333333334,0,1.1538461538461533,1,5,0
1,1,0,1,0,0,28.846153846153847,7,15,0.5,2,0.5,0,1,7,0,0,0,7,0,14,1,1,9,20,1,0.16666666666666666,0,0,-21.846153846153847,0,1,0
1,0,0,1,0,0,24.444444444444443,1,15,0.6666666666666666,2,0.5,0,1,7,0,0,0,1,2,7,0,1,6,28,1,0.8333333333333334,0.16666666666666666,0,-23.444444444444443,1,3,0
1,1,0,1,0,0,24.444444444444443,30,20,0.26666666666666666,3,0.6666666666666666,0,1,8,1,1,0,29,23,23,1,1,6,25,1,0.16666666666666666,0.16666666666666666,0,5.555555555555557,1,5,0
0,0,0,1,0,0,24.444444444444443,14,15,0,0,0.5,0,1,8,1,0,1,13,6,16,0,0,6,25,1,0.3333333333333333,0.16666666666666666,1,-10.444444444444443,1,3,0
1,1,1,1,0,0,24.444444444444443,30,10,0.6666666666666666,0,0.3333333333333333,0,1,8,1,1,1,29,29,29,1,1,6,21,1,0.9666666666666667,0.8333333333333334,1,5.555555555555557,0,5,0
1,1,0,1,0,0,24.444444444444443,30,30,0.5,0,1,0,1,8,1,1,0,29,28,19,0,1,3,20,1,0.16666666666666666,0.3333333333333333,0,5.555555555555557,0,5,0
1,0,0,1,0,1,24.444444444444443,25,6,0.3,0,0.2,0,1,8,1,1,1,24,20,23,1,0,6,23,1,0.3333333333333333,0.3333333333333333,1,0.5555555555555571,1,4,1
1,1,0,1,0,0,24.444444444444443,20,5,0.2,0,0.16666666666666666,0,1,8,1,1,0,19,5,13,0,1,5,20,1,0.9666666666666667,0.16666666666666666,0,-4.444444444444443,0,4,0
1,1,0,0,0,0,24.444444444444443,26,12,0.3333333333333333,0,0.4,0,1,8,1,1,1,25,29,25,0,0,5,20,1,0.9666666666666667,0.16666666666666666,1,1.5555555555555571,0,3,0
1,1,0,0,0,0,24.444444444444443,11,7,0.4,1,0.23333333333333334,0,1,8,1,1,1,10,15,20,1,1,6,20,1,0.9666666666666667,0,0,-13.444444444444443,1,3,0
1,1,0,1,0,0,24.444444444444443,26,14,0.26666666666666666,2,0.4666666666666667,0,1,8,1,1,1,25,27,10,1,1,7,30,1,0.9666666666666667,0.3333333333333333,0,1.5555555555555571,1,4,0
1,1,0,1,0,0,24.444444444444443,29,30,0.3333333333333333,2,1,0,1,8,1,1,1,28,22,15,1,1,6,35,1,0.5,0.16666666666666666,1,4.555555555555557,1,4,0
1,1,0,1,0,0,24.444444444444443,7,7,0.3333333333333333,3,0.23333333333333334,0,1,8,1,1,0,6,11,9,1,1,6,24,1,0.8333333333333334,0.3333333333333333,1,-17.444444444444443,1,3,0
1,1,0,0,0,0,24.444444444444443,24,10,0.1,1,0.3333333333333333,0,1,8,1,1,0,23,19,23,0,1,6,25,1,0.16666666666666666,0.16666666666666666,0,-0.44444444444444287,1,4,0
0,1,0,1,0,0,24.444444444444443,27,15,0.5,1,0.5,0,1,8,1,1,0,26,16,26,0,1,6,28,1,0.16666666666666666,0.16666666666666666,1,2.555555555555557,1,3,0
1,1,0,1,0,0,24.444444444444443,3,10,0.3333333333333333,0,0.3333333333333333,0,1,9,1,1,1,2,2,2,1,0,3,20,1,0,0,0,-21.444444444444443,0,2,0
0,1,0,0,0,0,24.444444444444443,30,30,0.6666666666666666,0,1,0,1,9,1,1,1,29,0,29,0,0,3,22,1,0,0,0,5.555555555555557,1,3,0
1,1,0,1,0,0,24.444444444444443,24,10,0.5,0,0.3333333333333333,0,1,9,1,1,1,23,21,23,1,1,5,23,1,0,0.16666666666666666,1,-0.44444444444444287,1,4,0
1,1,1,1,0,0,24.444444444444443,3,25,0.6666666666666666,0,0.8333333333333334,0,1,9,1,1,1,2,5,5,0,1,8,28,1,0.16666666666666666,0,0,-21.444444444444443,1,2,0
1,1,0,0,0,0,24.444444444444443,30,30,0.3333333333333333,3,1,0,1,9,1,1,1,29,29,29,1,1,7,29,1,0.9666666666666667,0.3333333333333333,1,5.555555555555557,1,5,0
1,0,0,1,0,0,24.444444444444443,1,10,0.5,0,0.3333333333333333,0,1,9,0,1,0,1,29,29,0,0,3,22,1,0.8333333333333334,0.16666666666666666,0,-23.444444444444443,0,3,0
1,0,0,1,0,1,24.444444444444443,30,18,0.3333333333333333,0,0.6,0,1,9,1,1,0,29,29,3,0,0,6,20,1,0,0,0,5.555555555555557,0,5,1
1,1,0,1,0,0,24.444444444444443,5,10,1,2,0.3333333333333333,0,1,9,1,1,1,4,4,6,1,1,6,32,1,0.16666666666666666,0.5,0,-19.444444444444443,0,2,0
1,0,0,0,0,0,24.444444444444443,11,0,0.16666666666666666,0,0,0,1,9,0,0,0,11,14,15,0,1,5,22,1,0.16666666666666666,0.5,0,-13.444444444444443,0,3,0
1,1,0,0,0,0,24.444444444444443,8,3,0.5333333333333333,2,0.1,0,1,9,1,1,1,7,6,7,1,1,6,25,1,0.3333333333333333,0.3333333333333333,1,-16.444444444444443,0,2,0
1,1,0,1,0,0,24.444444444444443,28,10,0.6666666666666666,3,0.3333333333333333,0,1,9,1,1,1,27,26,27,1,1,3,28,1,0.16666666666666666,0.16666666666666666,0,3.555555555555557,0,5,0
1,1,0,1,0,0,24.444444444444443,21,25,0.3333333333333333,0,0.8333333333333334,0,1,9,1,1,0,20,23,22,0,1,3,19,1,0.16666666666666666,0.16666666666666666,1,-3.444444444444443,1,5,0
1,1,0,0,0,0,24.444444444444443,22,NA,NA,2,NA,0,0,9,1,1,0,21,3,6,0,1,7,27,1,0.3333333333333333,0.16666666666666666,0,-2.444444444444443,1,1,0
0,1,0,1,0,0,29,10,10,0.6666666666666666,0,0.3333333333333333,0,1,9,0,0,1,10,16,29,0,0,5,20,1,0.16666666666666666,0,1,-19,0,3,0
1,1,0,1,0,0,29,16,15,0.6666666666666666,4,0.5,0,1,9,1,1,0,15,29,28,0,1,3,35,1,0.5,0.5,1,-13,1,5,0
1,1,1,1,1,0,29,18,25,0.5,2,0.8333333333333334,0,1,9,1,1,1,17,18,21,1,1,3,19,1,0.9666666666666667,0.16666666666666666,1,-11,1,3,0
1,1,1,1,0,0,29,8,5,0.4,0,0.16666666666666666,0,1,9,1,1,0,7,13,25,0,0,5,21,1,0.3333333333333333,0.16666666666666666,1,-21,1,5,0
1,0,0,0,0,0,29,22,10,0.3333333333333333,0,0.3333333333333333,0,1,9,1,0,1,21,5,10,0,0,3,18,1,0.9666666666666667,0.16666666666666666,0,-7,0,3,0
1,1,0,1,0,0,29,12,12,0.23333333333333334,0,0.4,0,1,9,1,1,0,11,29,29,0,1,3,23,1,0,0.16666666666666666,1,-17,0,3,0
1,1,0,0,0,0,29,9,5,0.5,2,0.16666666666666666,0,1,9,1,1,1,8,7,29,1,1,6,22,1,0.9666666666666667,0.16666666666666666,0,-20,0,2,0
1,1,0,0,0,0,29,30,10,0.5,0,0.3333333333333333,0,1,9,1,1,1,29,29,29,1,1,6,25,1,0.9666666666666667,0.9666666666666667,0,1,0,5,0
1,1,1,1,0,0,29,21,15,0.6666666666666666,1,0.5,0,1,9,1,1,1,20,27,22,1,1,6,26,1,0.16666666666666666,0.16666666666666666,0,-8,0,3,0
1,1,0,1,0,0,29,9,10,0.5,2,0.3333333333333333,0,1,9,1,1,1,8,6,4,1,1,3,25,1,0,0.16666666666666666,0,-20,1,2,0
1,1,0,1,0,0,29,17,10,0.26666666666666666,4,0.3333333333333333,0,1,10,1,0,1,16,9,18,0,1,5,25,1,0.16666666666666666,0,0,-12,0,3,0
1,1,0,0,0,0,29,2,12,0.9333333333333333,3,0.4,0,1,10,1,1,1,1,1,14,1,1,6,25,1,0.5,0.5,0,-27,0,1,0
1,0,0,1,0,1,29,21,20,1,6,0.6666666666666666,0,1,10,1,1,1,20,4,6,1,1,5,23,1,0.3333333333333333,0.3333333333333333,0,-8,1,3,1
1,0,0,1,0,0,29,12,5,0.3333333333333333,1,0.16666666666666666,0,1,10,1,1,1,11,20,10,0,1,6,25,1,0.16666666666666666,0.16666666666666666,0,-17,1,3,0
1,1,0,1,0,0,29,25,24,0.6,3,0.8,0,1,10,1,1,1,24,29,6,1,1,5,27,1,0.16666666666666666,0.16666666666666666,0,-4,1,3,1
1,1,0,1,0,0,29,10,10,0.5,5,0.3333333333333333,0,1,10,1,1,1,9,17,13,1,1,5,28,1,0.16666666666666666,0.16666666666666666,0,-19,0,4,0
1,0,0,1,0,0,29,9,10,0.16666666666666666,8,0.3333333333333333,0,1,10,1,1,1,8,13,13,1,1,5,22,1,0.16666666666666666,0.16666666666666666,0,-20,0,3,0
0,0,0,0,0,0,29,21,5,0.23333333333333334,0,0.16666666666666666,0,1,10,1,1,1,20,20,20,0,0,5,25,1,0.9666666666666667,0,0,-8,0,4,0
1,1,0,1,0,0,29,19,10,0.5,0,0.3333333333333333,0,1,10,0,1,1,19,16,16,0,0,3,20,1,0.9666666666666667,0.9666666666666667,0,-10,1,3,0
0,1,0,1,0,0,29,17,10,1,2,0.3333333333333333,0,1,10,0,1,1,17,20,10,0,1,6,30,1,0,0.3333333333333333,0,-12,0,4,0
1,1,0,1,0,0,29,1,10,0.5,0,0.3333333333333333,0,1,10,1,1,0,0,0,0,0,0,3,20,1,0,0,0,-28,0,1,0
1,1,1,1,1,1,29,30,15,0.9333333333333333,0,0.5,0,1,10,1,1,1,29,29,29,0,0,3,18,1,0,0.16666666666666666,1,1,1,5,0
1,1,0,1,0,0,29,19,10,0.13333333333333333,2,0.3333333333333333,0,1,10,1,0,1,18,16,14,0,0,3,21,1,0.3333333333333333,0.16666666666666666,0,-10,0,3,0
1,0,1,1,0,0,29,1,20,0.4,0,0.6666666666666666,0,1,10,0,0,1,1,21,20,0,1,3,21,1,0.9666666666666667,0,0,-28,1,2,0
1,1,0,0,0,1,29,15,25,0,3,0.8333333333333334,0,1,10,1,1,1,14,10,11,1,1,3,28,1,0.16666666666666666,0.16666666666666666,0,-14,1,2,1
1,1,0,0,0,0,29,21,20,0.6666666666666666,1,0.6666666666666666,0,1,10,1,0,0,20,17,29,0,1,6,24,1,0.9666666666666667,0.16666666666666666,0,-8,0,4,0
1,1,0,1,0,0,29,26,19,0.9,2,0.6333333333333333,0,1,10,1,0,1,25,21,6,1,1,3,36,1,0.3333333333333333,0.3333333333333333,0,-3,1,4,0
1,1,1,1,1,1,29,13,10,0.16666666666666666,0,0.3333333333333333,0,1,10,1,1,1,12,15,16,0,1,3,21,1,0.9666666666666667,0.9666666666666667,1,-16,0,3,0
1,1,1,1,0,0,29,16,20,0.5,2,0.6666666666666666,0,1,10,1,1,1,15,15,15,1,1,3,23,1,0.16666666666666666,0.16666666666666666,0,-13,1,3,0
0,1,1,0,1,1,29,2,0,0.03333333333333333,0,0,0,1,10,0,0,1,2,1,3,0,0,4,12,1,0.16666666666666666,0,0,-27,1,5,0
1,0,0,1,0,0,26.08695652173913,28,10,0.3333333333333333,1,0.3333333333333333,0,1,10,1,1,0,27,20,16,0,1,7,30,1,0.3333333333333333,0.16666666666666666,1,1.913043478260871,1,5,0
1,1,0,0,0,0,26.08695652173913,10,NA,NA,0,NA,0,0,10,1,1,1,9,13,6,1,0,5,21,1,0.3333333333333333,0.16666666666666666,1,-16.08695652173913,1,3,0
1,1,0,1,0,0,26.08695652173913,18,24,1,0,0.8,0,1,10,0,1,0,18,18,10,0,1,3,20,1,0.9666666666666667,0.3333333333333333,0,-8.086956521739129,1,3,0
1,0,0,0,0,0,26.08695652173913,20,15,0.16666666666666666,0,0.5,0,1,10,1,0,1,19,6,6,0,0,3,19,1,0.3333333333333333,0.16666666666666666,0,-6.086956521739129,0,4,0
1,1,1,0,1,1,26.08695652173913,30,10,0.3333333333333333,4,0.3333333333333333,0,1,10,1,1,1,29,29,29,1,1,8,28,1,0.9666666666666667,0.8333333333333334,1,3.913043478260871,1,5,1
1,1,0,1,0,0,26.08695652173913,4,15,0.3333333333333333,0,0.5,0,1,10,1,1,1,3,4,16,1,1,3,18,1,0,0.16666666666666666,0,-22.08695652173913,1,3,0
1,1,0,0,0,0,26.08695652173913,27,30,0.5,1,1,0,1,11,1,1,0,26,27,26,1,1,6,23,1,0.9666666666666667,0.8333333333333334,0,0.913043478260871,0,4,0
1,1,0,0,0,0,26.08695652173913,26,20,0.16666666666666666,5,0.6666666666666666,0,1,11,0,1,1,26,29,23,0,0,5,30,1,0.5,0,0,-0.08695652173912904,0,4,0
1,1,0,1,0,0,26.08695652173913,30,10,0.5,0,0.3333333333333333,0,1,11,1,1,1,29,29,3,1,1,6,25,1,0.16666666666666666,0.9666666666666667,1,3.913043478260871,0,4,1
1,1,0,0,0,0,26.08695652173913,30,20,0.16666666666666666,0,0.6666666666666666,0,1,11,1,1,0,29,0,0,1,1,6,25,1,0.3333333333333333,0.3333333333333333,0,3.913043478260871,0,1,0
1,1,0,1,0,1,26.08695652173913,30,25,0.3333333333333333,2,0.8333333333333334,0,1,11,1,1,0,29,29,29,1,1,6,24,1,0.16666666666666666,0.16666666666666666,0,3.913043478260871,1,5,1
1,1,1,1,1,1,26.08695652173913,15,5,0.3333333333333333,10,0.16666666666666666,0,1,11,0,0,0,15,14,15,0,1,1,16,0,0.6666666666666666,0.3333333333333333,0,-11.086956521739129,0,3,0
1,1,0,1,0,0,26.08695652173913,22,25,0.3333333333333333,2,0.8333333333333334,0,1,11,1,1,0,21,17,17,0,1,3,19,1,0.9666666666666667,0.16666666666666666,0,-4.086956521739129,1,4,0
1,1,0,1,0,1,26.08695652173913,22,15,0.3333333333333333,1,0.5,0,1,11,1,1,1,21,9,14,0,1,5,23,1,0.3333333333333333,0.5,0,-4.086956521739129,0,2,1
1,1,0,1,0,0,26.08695652173913,29,30,1,5,1,0,1,11,1,1,1,28,25,17,1,1,5,20,1,0.16666666666666666,0.9666666666666667,0,2.913043478260871,0,5,0
1,1,0,0,0,0,26.08695652173913,15,0,0.5,2,0,0,1,11,1,1,1,14,14,9,1,1,6,23,1,0.16666666666666666,0.9666666666666667,1,-11.086956521739129,0,4,0
1,1,0,0,0,0,26.08695652173913,17,2,0.4,1,0.06666666666666667,0,1,11,0,1,1,17,10,6,0,1,5,26,1,0.9666666666666667,0.6666666666666666,0,-9.086956521739129,0,3,0
0,1,0,1,0,0,26.08695652173913,11,25,0.4,8,0.8333333333333334,0,1,11,0,0,0,11,17,16,1,1,7,23,1,0.3333333333333333,0.9666666666666667,1,-15.086956521739129,1,3,0
1,1,0,1,0,0,26.08695652173913,19,30,0.6666666666666666,1,1,0,1,11,1,1,1,18,18,18,0,1,6,26,1,0.16666666666666666,0.16666666666666666,0,-7.086956521739129,1,5,0
1,1,0,1,0,0,26.08695652173913,30,30,0.8333333333333334,0,1,0,1,11,1,1,1,29,19,20,1,1,5,22,1,0.16666666666666666,0.9666666666666667,1,3.913043478260871,1,3,0
0,0,0,0,0,0,26.08695652173913,21,10,0.5,11,0.3333333333333333,0,1,11,0,0,0,21,23,15,1,0,1,15,0,0.9666666666666667,0.9666666666666667,0,-5.086956521739129,1,3,0
0,1,0,1,0,0,26.08695652173913,17,15,0,1,0.5,0,1,11,1,1,0,16,28,26,0,1,6,26,1,0.16666666666666666,0.9666666666666667,0,-9.086956521739129,0,3,0
0,1,0,1,0,0,26.08695652173913,21,20,0.1,2,0.6666666666666666,0,1,11,1,1,1,20,16,16,1,1,6,23,1,0.6666666666666666,0.6666666666666666,0,-5.086956521739129,0,4,0
1,0,0,1,0,0,24.82758620689655,20,15,0.23333333333333334,3,0.5,0,1,11,1,1,1,19,9,13,0,1,6,28,1,0.16666666666666666,0.9666666666666667,0,-4.827586206896552,0,3,0
1,1,0,1,0,0,24.82758620689655,13,30,0,0,1,0,1,11,1,1,1,12,20,5,1,1,6,24,1,0.16666666666666666,0.16666666666666666,1,-11.827586206896552,1,4,0
1,1,0,1,0,0,24.82758620689655,11,5,0,2,0.16666666666666666,0,1,11,1,1,1,10,10,11,1,1,3,19,1,0.6666666666666666,0.3333333333333333,0,-13.827586206896552,0,2,0
1,1,0,0,0,0,24.82758620689655,7,0,0.4,2,0,0,1,11,1,1,1,6,18,4,0,1,5,25,1,0.16666666666666666,0.9666666666666667,0,-17.82758620689655,0,5,0
0,1,0,1,0,0,24.82758620689655,22,30,0.16666666666666666,1,1,0,1,11,1,1,0,21,29,10,0,1,5,22,1,0.6666666666666666,0.3333333333333333,0,-2.8275862068965516,0,4,0
1,0,0,1,0,0,24.82758620689655,19,15,0.23333333333333334,3,0.5,0,1,12,1,1,1,18,17,16,1,1,6,26,1,0,0.16666666666666666,1,-5.827586206896552,1,4,0
1,1,0,0,0,0,24.82758620689655,21,15,0.9,8,0.5,0,1,12,1,1,1,20,24,27,0,1,6,29,1,0.6666666666666666,0.16666666666666666,0,-3.8275862068965516,0,3,0
1,1,0,1,0,0,24.82758620689655,9,30,0,3,1,0,1,12,1,1,1,8,5,13,0,1,5,20,1,0,0.16666666666666666,0,-15.827586206896552,1,2,0
1,1,0,1,0,0,24.82758620689655,28,25,0.8333333333333334,1,0.8333333333333334,0,1,12,1,1,1,27,19,17,1,1,6,27,1,0.16666666666666666,0.16666666666666666,1,3.1724137931034484,0,5,0
1,1,0,0,0,0,24.82758620689655,30,20,1,0,0.6666666666666666,0,1,12,1,1,1,29,29,29,1,1,5,27,1,0,0,0,5.172413793103448,0,5,0
1,1,0,0,0,0,24.82758620689655,30,20,0.6666666666666666,2,0.6666666666666666,0,1,12,1,1,1,29,29,29,1,1,7,31,1,0.9666666666666667,0.5,0,5.172413793103448,1,5,0
0,0,0,0,0,0,24.82758620689655,0,5,0.16666666666666666,0,0.16666666666666666,0,1,12,0,0,0,0,0,0,0,0,2,16,0,0,0,0,-24.82758620689655,1,1,0
1,1,0,1,0,0,24.82758620689655,24,29,0.5,4,0.9666666666666667,0,1,12,1,1,1,23,17,21,1,1,6,32,1,0.3333333333333333,0.16666666666666666,1,-0.8275862068965516,1,3,0
1,1,0,1,0,0,24.82758620689655,26,20,0.6666666666666666,4,0.6666666666666666,0,1,12,1,1,0,25,18,14,1,1,6,32,1,0.3333333333333333,0.16666666666666666,0,1.1724137931034484,1,5,0
0,1,1,1,1,1,24.82758620689655,14,15,0.6666666666666666,4,0.5,0,1,12,0,1,0,14,20,3,0,1,5,25,1,0.5,0.3333333333333333,0,-10.827586206896552,1,4,0
1,0,1,0,0,0,24.82758620689655,3,2,0.16666666666666666,2,0.06666666666666667,0,1,12,0,0,0,3,1,2,0,1,6,27,1,0,0.16666666666666666,0,-21.82758620689655,0,1,0
1,1,0,1,0,0,24.82758620689655,27,20,0.8333333333333334,2,0.6666666666666666,0,1,12,1,1,1,26,26,26,1,1,6,25,1,0.9666666666666667,0.9666666666666667,0,2.1724137931034484,1,4,0
1,0,0,1,0,0,24.82758620689655,14,10,0.6666666666666666,11,0.3333333333333333,0,1,12,0,0,0,14,14,17,1,1,9,12,1,0.6666666666666666,0.8333333333333334,0,-10.827586206896552,0,3,0
1,1,0,0,0,0,24.82758620689655,29,15,0,3,0.5,0,1,12,1,1,1,28,27,26,1,1,7,35,1,0,0.16666666666666666,0,4.172413793103448,1,4,0
1,0,1,0,0,0,24.82758620689655,11,10,0,1,0.3333333333333333,0,1,12,1,1,0,10,16,19,0,1,5,28,1,0.16666666666666666,0.16666666666666666,0,-13.827586206896552,1,3,0
1,1,0,0,0,0,24.82758620689655,30,10,0,1,0.3333333333333333,0,1,12,1,1,1,29,29,18,1,1,6,23,1,0,0,0,5.172413793103448,0,5,0
1,1,0,1,0,0,24.82758620689655,11,15,0.3333333333333333,2,0.5,0,1,12,1,1,1,10,6,13,1,1,6,28,1,0.3333333333333333,0.16666666666666666,1,-13.827586206896552,0,2,0
1,0,0,1,0,0,24.82758620689655,30,25,0.5,3,0.8333333333333334,0,1,12,1,1,1,29,18,29,1,1,7,30,1,0.8333333333333334,0.3333333333333333,0,5.172413793103448,1,5,0
1,1,0,1,0,1,24.82758620689655,26,25,0.6666666666666666,2,0.8333333333333334,0,1,12,1,1,1,25,29,29,1,1,6,25,1,0.3333333333333333,0.3333333333333333,0,1.1724137931034484,1,5,1
1,1,0,1,0,0,24.82758620689655,30,10,0.26666666666666666,4,0.3333333333333333,0,1,12,1,1,1,29,29,29,1,1,5,25,1,0.16666666666666666,0.5,0,5.172413793103448,0,5,0
1,1,1,1,1,1,24.82758620689655,12,10,0.16666666666666666,0,0.3333333333333333,0,1,12,1,1,1,11,4,5,1,1,6,25,1,0.3333333333333333,0.16666666666666666,1,-12.827586206896552,1,2,0
1,0,0,0,0,0,24.82758620689655,7,3,0.5,2,0.1,0,1,12,0,1,0,7,5,10,0,1,5,27,1,0.16666666666666666,0,0,-17.82758620689655,0,3,0
1,1,0,1,0,1,24.82758620689655,30,7,0.3333333333333333,2,0.23333333333333334,0,1,12,1,1,1,29,29,29,1,1,6,20,1,0.16666666666666666,0.9666666666666667,0,5.172413793103448,0,5,1
1,1,0,0,0,0,24.82758620689655,11,10,0.9,0,0.3333333333333333,0,1,12,1,1,1,10,29,4,1,1,6,25,1,0.16666666666666666,0,1,-13.827586206896552,0,4,0
1,1,0,1,0,0,23.4375,9,10,0,4,0.3333333333333333,0,1,12,0,1,1,9,7,15,1,1,6,29,1,0.16666666666666666,0.9666666666666667,0,-14.4375,0,2,0
1,1,0,0,0,0,23.4375,26,10,0.8333333333333334,2,0.3333333333333333,0,1,12,1,1,1,25,25,25,1,1,6,26,1,0.9666666666666667,0.3333333333333333,0,2.5625,1,5,0
1,1,0,1,0,0,23.4375,20,10,1,0,0.3333333333333333,0,1,13,1,1,1,19,25,29,0,0,6,27,1,0.5,0.16666666666666666,0,-3.4375,0,5,0
1,1,1,0,0,0,23.4375,30,15,0.6666666666666666,1,0.5,0,1,13,1,1,1,29,29,29,1,1,6,25,1,0.9666666666666667,0.3333333333333333,1,6.5625,1,5,0
1,1,0,1,0,0,23.4375,30,15,0.8333333333333334,0,0.5,0,1,13,1,1,1,29,29,29,1,1,6,23,1,0.6666666666666666,0,0,6.5625,0,5,0
1,1,0,0,0,0,23.4375,16,10,0.5,2,0.3333333333333333,0,1,13,1,1,1,15,9,10,1,1,6,27,1,0,0,0,-7.4375,0,3,0
1,0,0,1,0,0,23.4375,2,10,0.8333333333333334,1,0.3333333333333333,0,1,13,0,1,0,2,23,0,0,1,5,21,1,0.8333333333333334,0.16666666666666666,1,-21.4375,1,4,0
1,1,0,1,0,0,23.4375,30,6,0.36666666666666664,1,0.2,0,1,13,1,1,1,29,29,0,1,1,5,20,1,0.3333333333333333,0.16666666666666666,0,6.5625,0,5,0
1,1,0,1,0,0,23.4375,10,10,0.8333333333333334,1,0.3333333333333333,0,1,13,1,1,1,9,9,5,1,1,5,26,1,0.16666666666666666,0.9666666666666667,0,-13.4375,0,2,0
1,1,0,0,0,0,23.4375,21,5,0.16666666666666666,1,0.16666666666666666,0,1,13,1,1,1,20,29,26,0,1,6,27,1,0,0.16666666666666666,1,-2.4375,0,4,0
1,1,0,1,0,1,23.4375,14,10,0.3333333333333333,4,0.3333333333333333,0,1,13,1,1,1,13,11,15,1,1,6,21,1,0,0.16666666666666666,0,-9.4375,1,3,1
1,1,0,1,0,0,23.4375,14,8,0.3333333333333333,1,0.26666666666666666,0,1,13,1,1,1,13,20,10,0,0,5,22,1,0.3333333333333333,0.16666666666666666,1,-9.4375,0,3,0
1,1,0,1,0,1,23.4375,15,14,0.7333333333333333,1,0.4666666666666667,0,1,13,1,1,1,14,14,10,1,1,6,20,1,0.16666666666666666,0.9666666666666667,0,-8.4375,1,3,1
1,1,0,1,0,0,23.4375,15,25,0.4,0,0.8333333333333334,0,1,13,1,1,0,14,11,15,1,1,6,23,1,0.8333333333333334,0.8333333333333334,0,-8.4375,1,4,0
1,1,0,1,0,0,23.4375,2,25,0.16666666666666666,2,0.8333333333333334,0,1,13,0,1,1,2,9,6,0,0,5,22,1,0.16666666666666666,0.3333333333333333,0,-21.4375,1,2,0
1,1,0,0,0,0,23.4375,11,25,0.16666666666666666,2,0.8333333333333334,0,1,13,1,1,1,10,10,10,1,1,5,22,1,0.16666666666666666,0.9666666666666667,1,-12.4375,1,5,0
1,0,1,1,0,0,23.4375,25,14,0.3,0,0.4666666666666667,0,1,13,0,1,0,25,20,16,0,0,5,20,1,0,0.3333333333333333,0,1.5625,0,5,0
1,1,0,1,0,0,23.4375,21,15,0.06666666666666667,3,0.5,0,1,13,1,1,1,20,6,26,0,1,6,20,1,0.16666666666666666,0,1,-2.4375,1,2,0
1,1,0,0,0,0,23.4375,4,5,0.3333333333333333,4,0.16666666666666666,0,1,13,1,1,1,3,29,0,1,1,7,33,1,0,0.16666666666666666,1,-19.4375,0,2,0
1,1,0,1,0,0,23.4375,19,30,0.26666666666666666,2,1,0,1,13,1,1,1,18,18,17,1,1,6,24,1,0.16666666666666666,0.16666666666666666,0,-4.4375,0,3,0
1,1,0,1,0,0,23.4375,15,25,0.6666666666666666,6,0.8333333333333334,0,1,13,1,1,0,14,20,25,1,1,7,33,1,0.9666666666666667,0.16666666666666666,0,-8.4375,1,3,0
1,1,0,1,0,0,23.4375,21,20,0.16666666666666666,4,0.6666666666666666,0,1,13,1,1,1,20,14,12,1,1,6,21,1,0.16666666666666666,0.16666666666666666,1,-2.4375,1,3,0
1,0,0,1,0,0,23.4375,4,10,0.5,3,0.3333333333333333,0,1,13,1,1,0,3,5,3,1,0,6,20,1,0.16666666666666666,0.16666666666666666,0,-19.4375,1,2,0
1,0,0,1,0,0,23.4375,29,15,1,3,0.5,0,1,13,0,0,1,29,3,5,0,0,6,21,1,0,0,0,5.5625,1,5,0
0,1,0,1,0,0,23.4375,30,15,1,3,0.5,0,1,14,1,1,1,29,29,25,0,1,7,33,1,0.16666666666666666,0.9666666666666667,1,6.5625,0,5,0
1,1,0,0,0,0,23.4375,30,30,0,2,1,0,1,14,1,1,1,29,29,29,0,1,7,31,1,0.9666666666666667,0.9666666666666667,0,6.5625,1,5,0
1,1,0,0,0,0,23.4375,21,15,0.3333333333333333,3,0.5,0,1,14,1,1,0,20,21,10,0,0,6,35,1,0.9666666666666667,0,0,-2.4375,1,2,0
1,1,0,1,0,0,23.4375,9,7,0.5,1,0.23333333333333334,0,1,14,1,0,0,8,13,20,1,1,6,29,1,0.9666666666666667,0.16666666666666666,0,-14.4375,0,3,0
1,1,1,1,0,0,23.4375,12,5,0.03333333333333333,2,0.16666666666666666,0,1,14,1,1,1,11,12,18,0,1,6,23,1,0,0.9666666666666667,0,-11.4375,0,2,0
1,1,0,1,0,0,23.4375,4,15,0.5,3,0.5,0,1,14,1,1,1,3,3,3,0,1,6,26,1,0.16666666666666666,0.9666666666666667,1,-19.4375,1,2,0
1,1,0,1,0,0,23.4375,26,30,0.3333333333333333,1,1,0,1,14,1,1,0,25,29,29,1,1,6,28,1,0,0,0,2.5625,0,4,0
1,1,0,1,0,0,23.4375,11,15,0.3333333333333333,2,0.5,0,1,14,1,1,0,10,12,13,0,1,7,33,1,0.9666666666666667,0.9666666666666667,1,-12.4375,1,4,0
1,1,0,1,0,0,23.333333333333332,19,20,0.3333333333333333,4,0.6666666666666666,0,1,14,1,1,1,18,16,29,0,0,5,21,1,0.8333333333333334,0.9666666666666667,1,-4.333333333333332,1,3,0
1,1,0,1,0,1,23.333333333333332,11,10,0.5,1,0.3333333333333333,0,1,14,1,1,1,10,15,17,1,1,6,23,1,0.9666666666666667,0.9666666666666667,1,-12.333333333333332,0,2,1
1,1,0,0,0,0,23.333333333333332,14,5,0.16666666666666666,0,0.16666666666666666,0,1,14,1,1,1,13,20,14,0,1,6,20,1,0.9666666666666667,0.16666666666666666,0,-9.333333333333332,0,4,0
1,1,0,1,0,0,23.333333333333332,6,15,0.6666666666666666,2,0.5,0,1,14,1,1,1,5,14,29,1,1,6,23,1,0.9666666666666667,0.3333333333333333,0,-17.333333333333332,1,2,0
1,1,0,0,0,0,23.333333333333332,26,25,0.26666666666666666,0,0.8333333333333334,0,1,14,1,1,0,25,29,6,0,0,6,27,1,0.9666666666666667,0,1,2.666666666666668,1,5,0
1,1,0,1,0,0,23.333333333333332,14,15,0.16666666666666666,0,0.5,0,1,14,1,1,1,13,18,5,1,0,6,19,1,0.16666666666666666,0.9666666666666667,0,-9.333333333333332,1,3,0
1,0,0,1,0,0,23.333333333333332,15,10,0.5,3,0.3333333333333333,0,1,14,1,0,0,14,21,13,1,1,6,29,1,0.16666666666666666,0,1,-8.333333333333332,0,3,0
1,1,0,1,0,0,23.333333333333332,16,15,0.8666666666666667,4,0.5,0,1,14,1,1,0,15,15,15,1,1,7,30,1,0.9666666666666667,0.3333333333333333,1,-7.333333333333332,0,3,0
1,1,0,1,0,0,23.333333333333332,7,30,0.8333333333333334,3,1,0,1,14,1,1,1,6,27,29,1,1,7,30,1,0.9666666666666667,0.9666666666666667,1,-16.333333333333332,1,2,0
1,1,0,0,0,0,23.333333333333332,29,NA,NA,1,NA,0,0,14,1,1,0,28,27,28,1,1,6,25,1,0.9666666666666667,0.16666666666666666,0,5.666666666666668,1,3,0
0,1,0,1,0,0,23.333333333333332,11,15,0.2,0,0.5,0,1,14,1,1,0,10,16,10,0,1,7,28,1,0.9666666666666667,0.5,0,-12.333333333333332,0,4,0
1,1,0,1,0,1,23.333333333333332,8,25,0.6666666666666666,3,0.8333333333333334,0,1,15,1,1,1,7,5,8,1,1,3,29,1,0.5,0.16666666666666666,0,-15.333333333333332,1,2,1
1,0,0,0,0,0,23.333333333333332,16,10,0.5,2,0.3333333333333333,0,1,15,1,1,1,15,4,19,1,1,7,27,1,0,0,0,-7.333333333333332,0,3,0
1,1,0,1,0,0,23.333333333333332,6,1,0.13333333333333333,2,0.03333333333333333,0,1,15,1,1,1,5,8,6,1,1,5,33,1,0.16666666666666666,0.9666666666666667,0,-17.333333333333332,0,2,0
1,1,0,0,0,0,23.333333333333332,8,2,0.06666666666666667,3,0.06666666666666667,0,1,15,1,1,0,7,9,10,1,0,8,22,1,0.6666666666666666,0.9666666666666667,0,-15.333333333333332,0,2,0
1,1,0,1,0,0,23.333333333333332,17,15,1,4,0.5,0,1,15,0,1,1,17,24,15,0,1,6,23,1,0.3333333333333333,0.3333333333333333,1,-6.333333333333332,0,4,0
1,1,0,1,0,0,23.333333333333332,13,5,0.03333333333333333,2,0.16666666666666666,0,1,15,1,1,1,12,10,10,0,1,6,32,1,0.16666666666666666,0.9666666666666667,0,-10.333333333333332,0,2,0
1,1,1,1,0,0,23.333333333333332,12,11,0.4666666666666667,3,0.36666666666666664,0,1,15,1,1,0,11,13,19,0,1,5,32,1,0.8333333333333334,0,0,-11.333333333333332,1,4,0
1,0,0,1,0,0,23.333333333333332,12,10,0.3333333333333333,1,0.3333333333333333,0,1,15,1,1,0,11,14,9,1,1,6,25,1,0.3333333333333333,0.6666666666666666,1,-11.333333333333332,1,4,0
0,1,0,1,0,0,23.333333333333332,13,5,0.3333333333333333,2,0.16666666666666666,0,1,15,1,1,1,12,14,6,0,1,6,20,1,0.8333333333333334,0.6666666666666666,1,-10.333333333333332,1,3,0
1,1,0,1,0,0,23.333333333333332,15,13,0.16666666666666666,1,0.43333333333333335,0,1,15,1,1,1,14,27,24,0,1,3,27,1,0.3333333333333333,0.16666666666666666,0,-8.333333333333332,0,1,0
1,1,0,1,0,0,23.333333333333332,24,5,0.3333333333333333,0,0.16666666666666666,0,1,15,0,1,1,24,24,24,0,1,6,21,1,0.8333333333333334,0.8333333333333334,0,0.6666666666666679,1,5,0
1,0,0,1,0,0,23.333333333333332,10,10,0.5333333333333333,1,0.3333333333333333,0,1,15,1,0,0,9,29,11,1,1,6,24,1,0.3333333333333333,0,0,-13.333333333333332,1,2,0
1,1,0,1,0,0,23.333333333333332,30,15,0.6666666666666666,2,0.5,0,1,15,1,1,1,29,27,16,1,1,5,23,1,0.16666666666666666,0.9666666666666667,0,6.666666666666668,1,5,0
1,0,0,1,0,1,23.333333333333332,23,0,0.06666666666666667,2,0,0,1,15,1,1,1,22,22,22,1,1,7,27,1,0,0,0,-0.33333333333333215,0,3,1
1,1,0,1,0,0,23.333333333333332,6,1,0.3333333333333333,4,0.03333333333333333,0,1,15,1,1,1,5,3,6,1,1,3,21,1,0.8333333333333334,0.5,1,-17.333333333333332,0,5,0
1,1,0,0,0,0,23.333333333333332,30,16,0.7666666666666667,5,0.5333333333333333,0,1,15,1,1,1,29,20,19,1,1,7,31,1,0.5,0.6666666666666666,0,6.666666666666668,1,2,0
1,1,0,1,0,0,25.384615384615383,20,15,0.6666666666666666,5,0.5,0,1,15,1,1,1,19,29,23,1,1,6,35,1,0,0.8333333333333334,1,-5.384615384615383,1,3,0
1,1,0,1,0,0,25.384615384615383,25,20,0.43333333333333335,4,0.6666666666666666,0,1,15,1,1,1,24,24,23,1,1,6,28,1,0.8333333333333334,0.16666666666666666,1,-0.38461538461538325,1,5,0
1,1,0,1,0,0,25.384615384615383,10,5,0.3333333333333333,1,0.16666666666666666,0,1,15,0,1,1,10,19,10,0,1,5,25,1,0.16666666666666666,0.9666666666666667,1,-15.384615384615383,1,2,0
0,1,0,1,0,0,25.384615384615383,29,10,0.5,1,0.3333333333333333,0,1,15,0,1,1,29,29,29,0,1,3,20,1,0.6666666666666666,0.16666666666666666,1,3.6153846153846168,1,5,0
0,1,0,1,0,0,25.384615384615383,30,15,0.3333333333333333,0,0.5,0,1,16,1,0,1,29,12,11,1,0,7,34,1,0,0,0,4.615384615384617,0,5,0
1,1,0,1,0,1,25.384615384615383,30,20,0.5,2,0.6666666666666666,0,1,16,1,1,1,29,29,29,1,1,5,22,1,0.16666666666666666,0.16666666666666666,0,4.615384615384617,1,5,1
1,1,0,0,0,0,25.384615384615383,21,14,0.3333333333333333,3,0.4666666666666667,0,1,16,1,1,1,20,27,20,0,1,6,33,1,0.9666666666666667,0.9666666666666667,0,-4.384615384615383,1,3,0
1,1,0,1,0,0,25.384615384615383,24,10,0.3333333333333333,4,0.3333333333333333,0,1,16,1,1,0,23,29,6,0,1,6,28,1,0.9666666666666667,0.9666666666666667,0,-1.3846153846153832,1,4,0
1,1,0,0,0,0,25.384615384615383,6,15,0.6,2,0.5,0,1,16,1,1,0,5,12,5,1,1,5,31,1,0,0,0,-19.384615384615383,1,2,0
1,1,0,1,0,0,25.384615384615383,6,8,0.3333333333333333,2,0.26666666666666666,0,1,16,0,1,1,6,6,7,1,1,7,30,1,0.16666666666666666,0.16666666666666666,0,-19.384615384615383,0,2,0
1,1,0,1,0,0,25.384615384615383,6,26,0.5,2,0.8666666666666667,0,1,16,0,0,1,6,6,10,0,1,6,28,1,0,0.9666666666666667,0,-19.384615384615383,1,2,0
0,1,0,1,0,0,25.384615384615383,10,5,0,2,0.16666666666666666,0,1,16,0,1,0,10,10,0,0,1,7,35,1,0,0,0,-15.384615384615383,1,4,0
1,1,1,1,0,0,25.384615384615383,7,10,0.5,0,0.3333333333333333,0,1,16,1,1,1,6,6,6,0,1,5,26,1,0.16666666666666666,0.16666666666666666,0,-18.384615384615383,1,2,0
1,1,0,0,0,0,25.384615384615383,8,6,0.03333333333333333,11,0.2,0,1,16,1,1,0,7,6,6,0,1,7,33,1,0.9666666666666667,0.9666666666666667,0,-17.384615384615383,0,3,0
1,1,0,0,0,0,25.384615384615383,30,10,0.5,1,0.3333333333333333,0,1,16,1,1,1,29,21,23,0,1,7,30,1,0.3333333333333333,0.3333333333333333,0,4.615384615384617,0,5,0
1,1,0,0,0,0,25.384615384615383,30,20,0.6333333333333333,2,0.6666666666666666,0,1,16,1,1,1,29,24,23,1,1,6,25,1,0.9666666666666667,0.9666666666666667,0,4.615384615384617,1,5,0
1,1,0,0,0,0,25.384615384615383,10,25,0.4666666666666667,3,0.8333333333333334,0,1,16,0,1,0,10,10,10,1,1,6,27,1,0,0.9666666666666667,0,-15.384615384615383,1,3,0
1,1,0,1,0,0,25.384615384615383,24,20,0.03333333333333333,2,0.6666666666666666,0,1,16,1,1,0,23,12,16,0,0,7,34,1,0,0,0,-1.3846153846153832,0,5,0
1,0,0,1,0,1,25.384615384615383,22,15,0.5666666666666667,2,0.5,0,1,16,1,0,1,21,10,10,1,1,5,21,1,0.16666666666666666,0,0,-3.3846153846153832,1,3,1
1,0,0,0,0,0,25.384615384615383,16,7,0.4,3,0.23333333333333334,0,1,16,1,1,0,15,17,16,0,0,6,34,1,0.16666666666666666,0.3333333333333333,0,-9.384615384615383,0,3,0
1,1,0,0,0,0,25.384615384615383,4,15,0.5,2,0.5,0,1,16,1,1,1,3,16,7,1,1,7,30,1,0.16666666666666666,0.16666666666666666,0,-21.384615384615383,1,2,0
1,1,0,1,0,0,25.384615384615383,5,5,0.4,1,0.16666666666666666,0,1,16,1,1,0,4,3,1,1,1,6,30,1,0.16666666666666666,0.16666666666666666,0,-20.384615384615383,0,2,0
1,0,0,0,0,0,25.384615384615383,30,30,0,2,1,0,1,16,1,1,1,29,29,24,1,1,6,23,1,0.5,0.16666666666666666,0,4.615384615384617,1,4,0
1,1,0,1,0,0,25.384615384615383,14,5,0,2,0.16666666666666666,0,1,16,1,1,0,13,28,6,0,1,7,30,1,0.8333333333333334,0.5,0,-11.384615384615383,0,3,0
1,1,0,1,0,0,25.384615384615383,15,10,0.5,2,0.3333333333333333,0,1,16,1,1,0,14,6,1,1,1,6,21,1,0.9666666666666667,0.16666666666666666,1,-10.384615384615383,0,2,0
1,1,0,1,0,0,25.384615384615383,14,10,0.5,5,0.3333333333333333,0,1,16,1,1,1,13,9,11,1,1,3,28,1,0.3333333333333333,0.3333333333333333,0,-11.384615384615383,0,2,0
1,1,0,1,0,0,26,16,25,0.8333333333333334,0,0.8333333333333334,0,1,16,1,0,1,15,8,15,1,1,3,21,1,0.9666666666666667,0.9666666666666667,1,-10,1,3,0
1,0,0,1,0,0,26,19,10,0.06666666666666667,2,0.3333333333333333,0,1,16,0,0,0,19,15,17,1,1,7,333,1,0.3333333333333333,0.9666666666666667,0,-7,1,4,0
0,0,0,1,0,0,26,23,28,1,2,0.9333333333333333,0,1,17,0,1,1,23,29,20,0,1,7,32,1,0.8333333333333334,0.16666666666666666,0,-3,1,5,0
1,1,0,1,0,0,26,19,5,0.8333333333333334,1,0.16666666666666666,0,1,17,1,1,1,18,16,26,1,1,6,26,1,0.9666666666666667,0.9666666666666667,0,-7,0,3,0
0,1,0,0,0,0,26,18,9,0.16666666666666666,3,0.3,0,1,17,0,1,1,18,29,25,0,1,7,33,1,0.6666666666666666,0.16666666666666666,0,-8,1,3,0
1,1,0,0,0,0,26,30,26,0,1,0.8666666666666667,0,1,17,1,1,1,29,29,29,1,1,6,25,1,0.9666666666666667,0.16666666666666666,0,4,0,5,0
1,1,0,0,0,0,26,13,4,0.1,2,0.13333333333333333,0,1,17,1,1,0,12,13,4,0,0,7,31,1,0.16666666666666666,0,0,-13,1,3,0
1,1,0,1,0,0,26,30,15,0.6666666666666666,1,0.5,0,1,17,1,1,0,29,29,29,0,1,6,25,1,0,0,0,4,1,3,0
0,1,0,1,0,0,26,30,15,0,3,0.5,0,1,17,1,1,0,29,29,29,1,1,6,26,1,0.8333333333333334,0.9666666666666667,0,4,1,5,0
1,1,0,0,0,0,26,16,10,0.3333333333333333,0,0.3333333333333333,0,1,17,1,1,1,15,18,20,0,1,6,25,1,0,0,0,-10,0,3,0
1,1,0,1,0,0,26,24,15,0,0,0.5,0,1,17,1,1,0,23,21,10,1,1,6,26,1,0.16666666666666666,0,0,-2,1,4,0
1,1,1,0,0,0,26,23,10,0.1,2,0.3333333333333333,0,1,17,1,1,1,22,25,22,0,1,6,27,1,0.3333333333333333,0.9666666666666667,1,-3,0,5,0
1,1,0,1,0,0,26,29,25,0.3333333333333333,0,0.8333333333333334,0,1,17,0,0,1,29,29,16,0,0,3,25,1,0.8333333333333334,0.16666666666666666,0,3,0,5,0
1,0,0,1,0,0,26,11,15,0.6666666666666666,0,0.5,0,1,17,1,1,0,10,15,20,0,1,7,30,1,0.16666666666666666,0.16666666666666666,0,-15,0,3,0
1,1,0,0,0,0,26,26,30,0.3333333333333333,2,1,0,1,17,1,1,1,25,29,23,1,1,6,25,1,0.8333333333333334,0.16666666666666666,0,0,1,4,0
0,1,0,1,0,0,26,14,15,0.3333333333333333,3,0.5,0,1,17,1,1,1,13,12,11,1,1,7,30,1,0,0,1,-12,1,3,0
1,0,0,1,0,0,26,22,11,0.26666666666666666,2,0.36666666666666664,0,1,17,1,1,1,21,19,20,1,1,7,32,1,0.9666666666666667,0,0,-4,0,3,0
0,0,0,1,0,0,26,12,5,0.26666666666666666,3,0.16666666666666666,0,1,17,0,1,1,12,18,29,0,1,6,29,1,0,0.9666666666666667,0,-14,0,3,0
0,1,0,1,0,0,26,27,10,0,0,0.3333333333333333,0,1,17,0,0,1,27,21,18,0,0,6,29,1,0.16666666666666666,0.16666666666666666,0,1,1,3,0
1,1,0,1,0,0,26,29,20,0.8333333333333334,2,0.6666666666666666,0,1,17,1,1,1,28,29,25,1,1,6,26,1,0.16666666666666666,0,1,3,1,5,0
1,0,0,0,0,0,26,9,10,0.1,1,0.3333333333333333,0,1,17,0,0,1,9,10,20,0,1,7,32,1,0.16666666666666666,0.16666666666666666,0,-17,1,4,0
0,0,NA,NA,NA,NA,26,30,NA,NA,2,NA,NA,0,1021,1,0,0,29,3,29,1,1,5,25,1,0.9666666666666667,0.16666666666666666,0,4,1,3,NA
0,0,NA,NA,NA,NA,26,16,NA,NA,1,NA,NA,0,1023,1,0,0,15,9,12,1,1,5,25,1,0.9666666666666667,0.9666666666666667,0,-10,1,3,NA
0,0,NA,NA,NA,NA,26,20,NA,NA,3,NA,NA,0,2,1,1,0,19,29,22,0,0,3,21,1,0.16666666666666666,0.16666666666666666,0,-6,0,1,NA
1,1,NA,NA,NA,NA,26,11,NA,NA,0,NA,NA,0,2,1,1,1,10,16,3,0,1,3,18,1,0,0.16666666666666666,0,-15,1,5,NA
1,1,NA,NA,NA,NA,26,24,NA,NA,0,NA,NA,0,2,1,1,0,23,24,29,0,1,3,18,1,0.8333333333333334,0.16666666666666666,0,-2,0,5,NA
1,1,NA,NA,NA,NA,26,30,NA,NA,4,NA,NA,0,2,1,1,1,29,19,10,1,1,3,20,1,0.9666666666666667,0.9666666666666667,0,4,1,5,NA
1,1,NA,NA,NA,NA,26,27,NA,NA,0,NA,NA,0,2,1,0,0,26,23,26,1,1,3,18,1,0.8333333333333334,0.16666666666666666,0,1,1,4,NA
1,1,NA,NA,NA,NA,26,7,NA,NA,1,NA,NA,0,3,1,1,0,6,6,6,1,1,3,20,1,0.9666666666666667,0.9666666666666667,0,-19,0,3,NA
1,1,NA,NA,NA,NA,26,17,NA,NA,1,NA,NA,0,3,1,1,1,16,16,13,1,1,3,21,1,0.9666666666666667,0.3333333333333333,1,-9,0,5,NA
1,1,NA,NA,NA,NA,24.444444444444443,30,NA,NA,3,NA,NA,0,3,1,1,1,29,21,19,1,1,3,21,1,0.9666666666666667,0.9666666666666667,0,5.555555555555557,1,5,NA
1,1,NA,NA,NA,NA,24.444444444444443,1,NA,NA,0,NA,NA,0,3,1,1,1,0,0,0,0,1,3,19,1,0.9666666666666667,0.9666666666666667,0,-23.444444444444443,0,1,NA
1,1,NA,NA,NA,NA,24.444444444444443,27,NA,NA,2,NA,NA,0,3,0,1,0,27,27,29,0,1,3,24,1,0.16666666666666666,0.16666666666666666,0,2.555555555555557,0,5,NA
1,1,NA,NA,NA,NA,24.444444444444443,30,NA,NA,0,NA,NA,0,4,1,1,1,29,28,29,0,0,3,19,1,0.9666666666666667,0.9666666666666667,1,5.555555555555557,1,5,NA
1,1,NA,NA,NA,NA,24.444444444444443,30,NA,NA,0,NA,NA,0,4,1,1,0,29,24,29,1,1,5,23,1,0.9666666666666667,0.9666666666666667,0,5.555555555555557,1,4,NA
1,1,NA,NA,NA,NA,24.444444444444443,30,NA,NA,2,NA,NA,0,4,1,1,0,29,29,22,1,1,6,27,1,0.9666666666666667,0.16666666666666666,0,5.555555555555557,1,5,NA
1,0,NA,NA,NA,NA,24.444444444444443,26,NA,NA,2,NA,NA,0,4,1,1,1,25,29,29,0,0,6,25,1,0.9666666666666667,0.9666666666666667,0,1.5555555555555571,1,4,NA
1,1,NA,NA,NA,NA,24.444444444444443,21,NA,NA,0,NA,NA,0,4,1,1,0,20,10,7,1,1,5,19,1,0.9666666666666667,0,0,-3.444444444444443,1,3,NA
1,1,NA,NA,NA,NA,24.444444444444443,5,NA,NA,1,NA,NA,0,4,1,1,1,4,5,5,1,1,5,19,1,0,0.16666666666666666,0,-19.444444444444443,0,2,NA
1,1,NA,NA,NA,NA,24.444444444444443,1,NA,NA,1,NA,NA,0,4,1,1,1,0,0,0,1,1,9,18,1,0.9666666666666667,0.9666666666666667,0,-23.444444444444443,1,1,NA
1,1,NA,NA,NA,NA,24.444444444444443,16,NA,NA,2,NA,NA,0,4,1,1,1,15,18,19,1,1,3,23,1,0.9666666666666667,0,1,-8.444444444444443,1,4,NA
1,1,NA,NA,NA,NA,24.444444444444443,15,NA,NA,1,NA,NA,0,4,1,1,1,14,12,4,1,1,6,23,1,0.3333333333333333,0.3333333333333333,0,-9.444444444444443,1,3,NA
1,1,NA,NA,NA,NA,24.444444444444443,16,NA,NA,2,NA,NA,0,4,1,1,0,15,20,10,1,1,5,24,1,0.16666666666666666,0.3333333333333333,0,-8.444444444444443,1,3,NA
1,1,NA,NA,NA,NA,24.444444444444443,23,NA,NA,1,NA,NA,0,5,1,1,1,22,24,26,1,1,6,24,1,0.16666666666666666,0.16666666666666666,1,-1.4444444444444429,0,4,NA
1,1,NA,NA,NA,NA,24.444444444444443,30,NA,NA,3,NA,NA,0,1132,1,1,1,29,29,29,1,1,6,25,1,0.3333333333333333,0.9666666666666667,0,5.555555555555557,1,5,NA
1,1,NA,NA,NA,NA,24.444444444444443,12,NA,NA,1,NA,NA,0,1145,1,1,1,11,18,5,1,1,9,22,1,0.16666666666666666,0.16666666666666666,0,-12.444444444444443,1,3,NA
1,0,NA,NA,NA,NA,24.444444444444443,29,NA,NA,1,NA,NA,0,5,1,1,1,28,26,29,1,1,6,27,1,0.9666666666666667,0.16666666666666666,1,4.555555555555557,1,5,NA
1,1,NA,NA,NA,NA,24.444444444444443,30,NA,NA,3,NA,NA,0,6,1,1,1,29,29,29,1,1,5,20,1,0.9666666666666667,0.3333333333333333,1,5.555555555555557,1,5,NA
1,1,NA,NA,NA,NA,24.444444444444443,30,NA,NA,1,NA,NA,0,6,1,1,0,29,16,19,1,1,6,23,1,0.3333333333333333,0.16666666666666666,0,5.555555555555557,0,5,NA
0,0,NA,NA,NA,NA,24.444444444444443,24,NA,NA,0,NA,NA,0,1175,1,1,0,23,13,0,1,1,6,24,1,0,0,0,-0.44444444444444287,0,4,NA
1,1,NA,NA,NA,NA,24.444444444444443,28,NA,NA,2,NA,NA,0,1176,1,1,1,27,29,25,1,1,5,26,1,0.9666666666666667,0.16666666666666666,0,3.555555555555557,0,5,NA
1,1,NA,NA,NA,NA,24.444444444444443,30,NA,NA,1,NA,NA,0,1177,1,1,1,29,13,14,1,1,5,25,1,0.5,0.3333333333333333,0,5.555555555555557,0,3,NA
1,1,NA,NA,NA,NA,24.444444444444443,29,NA,NA,0,NA,NA,0,1180,1,1,0,28,29,13,1,1,6,30,1,0,0,0,4.555555555555557,0,5,NA
1,1,NA,NA,NA,NA,24.444444444444443,30,NA,NA,1,NA,NA,0,7,1,1,0,29,29,0,0,1,6,26,1,0.16666666666666666,0.16666666666666666,0,5.555555555555557,0,2,NA
1,1,NA,NA,NA,NA,24.444444444444443,30,NA,NA,3,NA,NA,0,7,1,1,1,29,29,0,1,1,6,25,1,0.16666666666666666,0.3333333333333333,0,5.555555555555557,0,5,NA
1,1,NA,NA,NA,NA,24.444444444444443,30,NA,NA,0,NA,NA,0,7,1,1,1,29,29,23,1,1,6,25,1,0.16666666666666666,0.16666666666666666,1,5.555555555555557,1,5,NA
1,0,NA,NA,NA,NA,24.444444444444443,14,NA,NA,1,NA,NA,0,7,1,1,1,13,17,23,1,1,5,28,1,0.3333333333333333,0.16666666666666666,0,-10.444444444444443,1,3,NA
1,1,NA,NA,NA,NA,21.11111111111111,22,NA,NA,2,NA,NA,0,7,1,1,1,21,20,10,1,1,6,25,1,0,0.16666666666666666,0,0.8888888888888893,1,3,NA
1,1,NA,NA,NA,NA,21.11111111111111,29,NA,NA,1,NA,NA,0,7,1,1,1,28,29,28,1,0,6,28,1,0.9666666666666667,0.9666666666666667,1,7.888888888888889,0,4,NA
1,1,NA,NA,NA,NA,21.11111111111111,30,NA,NA,2,NA,NA,0,1202,1,1,1,29,27,26,1,1,7,25,1,0.9666666666666667,0.6666666666666666,1,8.88888888888889,1,5,NA
0,1,NA,NA,NA,NA,21.11111111111111,17,NA,NA,1,NA,NA,0,7,1,1,1,16,29,23,0,0,6,25,1,0.8333333333333334,0.16666666666666666,0,-4.111111111111111,0,1,NA
1,1,NA,NA,NA,NA,21.11111111111111,23,NA,NA,1,NA,NA,0,1208,1,1,0,22,0,19,1,1,5,25,1,0.9666666666666667,0.9666666666666667,0,1.8888888888888893,1,5,NA
1,1,NA,NA,NA,NA,21.11111111111111,26,NA,NA,0,NA,NA,0,8,1,1,1,25,19,16,1,1,6,25,1,0,0.16666666666666666,0,4.888888888888889,0,2,NA
1,1,NA,NA,NA,NA,21.11111111111111,21,NA,NA,0,NA,NA,0,8,1,1,0,20,15,15,1,1,6,25,1,0.16666666666666666,0.16666666666666666,1,-0.11111111111111072,1,3,NA
1,1,NA,NA,NA,NA,21.11111111111111,27,NA,NA,2,NA,NA,0,8,1,1,1,26,23,19,1,1,6,24,1,0.8333333333333334,0.16666666666666666,0,5.888888888888889,0,5,NA
1,1,NA,NA,NA,NA,21.11111111111111,16,NA,NA,1,NA,NA,0,8,1,1,1,15,9,16,0,1,3,22,1,0.3333333333333333,0.16666666666666666,0,-5.111111111111111,1,3,NA
1,1,NA,NA,NA,NA,21.11111111111111,30,NA,NA,4,NA,NA,0,8,1,0,0,29,29,10,1,1,6,24,1,0.8333333333333334,0.3333333333333333,1,8.88888888888889,0,5,NA
1,1,NA,NA,NA,NA,21.11111111111111,30,NA,NA,2,NA,NA,0,8,1,1,1,29,29,29,1,1,6,25,1,0.8333333333333334,0.8333333333333334,0,8.88888888888889,0,5,NA
1,1,NA,NA,NA,NA,21.11111111111111,18,NA,NA,1,NA,NA,0,8,1,1,0,17,5,16,1,1,6,24,1,0.16666666666666666,0.3333333333333333,1,-3.1111111111111107,0,2,NA
1,1,NA,NA,NA,NA,21.11111111111111,26,NA,NA,4,NA,NA,0,8,0,1,1,26,29,26,0,1,6,25,1,0.9666666666666667,0.9666666666666667,1,4.888888888888889,1,4,NA
1,1,NA,NA,NA,NA,21.11111111111111,7,NA,NA,3,NA,NA,0,8,1,1,1,6,6,3,1,1,6,30,1,0.9666666666666667,0.16666666666666666,0,-14.11111111111111,1,2,NA
1,0,NA,NA,NA,NA,21.11111111111111,25,NA,NA,0,NA,NA,0,8,1,1,0,24,15,14,0,1,6,23,1,0.9666666666666667,0.3333333333333333,0,3.8888888888888893,0,2,NA
1,1,NA,NA,NA,NA,21.11111111111111,19,NA,NA,1,NA,NA,0,8,1,0,0,18,11,9,1,1,6,28,1,0.16666666666666666,0.16666666666666666,0,-2.1111111111111107,0,3,NA
1,1,NA,NA,NA,NA,21.11111111111111,17,NA,NA,2,NA,NA,0,8,1,1,1,16,16,10,1,1,6,25,1,0.9666666666666667,0.6666666666666666,0,-4.111111111111111,0,4,NA
1,0,NA,NA,NA,NA,21.11111111111111,20,NA,NA,2,NA,NA,0,8,1,1,0,19,21,13,1,1,6,24,1,0.8333333333333334,0.16666666666666666,0,-1.1111111111111107,0,3,NA
1,1,NA,NA,NA,NA,21.11111111111111,30,NA,NA,1,NA,NA,0,8,1,1,1,29,6,16,0,1,6,23,1,0.9666666666666667,0.3333333333333333,1,8.88888888888889,1,5,NA
1,1,NA,NA,NA,NA,21.11111111111111,30,NA,NA,2,NA,NA,0,8,1,1,1,29,27,26,1,1,6,26,1,0.3333333333333333,0.16666666666666666,1,8.88888888888889,0,5,NA
0,0,NA,NA,NA,NA,21.11111111111111,10,NA,NA,7,NA,NA,0,8,1,0,1,9,23,14,1,1,6,25,1,0.16666666666666666,0.3333333333333333,0,-11.11111111111111,0,3,NA
1,1,NA,NA,NA,NA,21.11111111111111,24,NA,NA,0,NA,NA,0,8,1,1,0,23,29,0,1,1,6,25,1,0.16666666666666666,0,0,2.8888888888888893,1,5,NA
1,1,NA,NA,NA,NA,21.11111111111111,21,NA,NA,2,NA,NA,0,1242,1,1,1,20,21,22,1,1,3,25,1,0.6666666666666666,0.8333333333333334,1,-0.11111111111111072,0,4,NA
1,1,NA,NA,NA,NA,21.11111111111111,30,NA,NA,2,NA,NA,0,1245,1,1,1,29,29,29,1,1,5,25,1,0.9666666666666667,0.9666666666666667,0,8.88888888888889,0,5,NA
1,1,NA,NA,NA,NA,21.11111111111111,3,NA,NA,2,NA,NA,0,1264,0,1,0,3,15,14,1,1,5,34,1,0.16666666666666666,0.16666666666666666,0,-18.11111111111111,0,2,NA
1,1,NA,NA,NA,NA,21.11111111111111,1,NA,NA,0,NA,NA,0,1266,1,0,0,0,4,1,0,1,6,24,1,0.8333333333333334,0.5,0,-20.11111111111111,0,1,NA
1,1,NA,NA,NA,NA,21.11111111111111,18,NA,NA,2,NA,NA,0,10,1,1,1,17,19,22,1,1,5,20,1,0.8333333333333334,0.6666666666666666,0,-3.1111111111111107,0,2,NA
1,1,NA,NA,NA,NA,21.25,12,NA,NA,2,NA,NA,0,10,1,1,1,11,24,9,0,1,3,25,1,0.3333333333333333,0.3333333333333333,0,-9.25,0,3,NA
1,0,NA,NA,NA,NA,21.25,30,NA,NA,3,NA,NA,0,10,1,1,1,29,29,29,1,1,7,29,1,0.6666666666666666,0.3333333333333333,0,8.75,1,5,NA
0,0,NA,NA,NA,NA,21.25,24,NA,NA,2,NA,NA,0,11,1,1,0,23,19,10,0,1,6,23,1,0.16666666666666666,0.9666666666666667,0,2.75,1,3,NA
0,0,NA,NA,NA,NA,21.25,11,NA,NA,0,NA,NA,0,11,0,0,0,11,0,12,0,0,1,11,0,0,0,0,-10.25,1,2,NA
1,1,NA,NA,NA,NA,21.25,21,NA,NA,0,NA,NA,0,11,1,1,1,20,20,20,0,1,5,19,1,0.3333333333333333,0.16666666666666666,0,-0.25,1,3,NA
1,1,NA,NA,NA,NA,21.25,14,NA,NA,2,NA,NA,0,11,1,1,1,13,26,19,1,1,5,24,1,0.5,0.3333333333333333,1,-7.25,1,2,NA
1,1,NA,NA,NA,NA,21.25,15,NA,NA,2,NA,NA,0,11,0,0,0,15,13,18,1,1,4,22,1,0.9666666666666667,0.9666666666666667,0,-6.25,1,3,NA
1,1,NA,NA,NA,NA,21.25,30,NA,NA,2,NA,NA,0,11,1,1,1,29,14,28,1,1,5,24,1,0.9666666666666667,0.9666666666666667,0,8.75,0,5,NA
1,1,NA,NA,NA,NA,21.25,19,NA,NA,0,NA,NA,0,11,1,0,0,18,8,20,0,0,4,23,1,0.3333333333333333,0.16666666666666666,0,-2.25,1,5,NA
1,0,NA,NA,NA,NA,21.25,18,NA,NA,2,NA,NA,0,11,1,1,1,17,24,28,0,0,6,24,1,0.8333333333333334,0.9666666666666667,0,-3.25,0,4,NA
1,1,NA,NA,NA,NA,21.25,30,NA,NA,2,NA,NA,0,11,1,1,1,29,29,29,1,1,3,18,1,0.9666666666666667,0.16666666666666666,0,8.75,0,5,NA
1,1,NA,NA,NA,NA,21.25,17,NA,NA,2,NA,NA,0,1331,1,1,1,16,12,19,1,1,6,24,1,0.16666666666666666,0.16666666666666666,0,-4.25,0,3,NA
1,1,NA,NA,NA,NA,21.25,21,NA,NA,2,NA,NA,0,1336,1,1,1,20,21,16,1,1,6,28,1,0.5,0.3333333333333333,0,-0.25,0,3,NA
1,1,NA,NA,NA,NA,21.25,30,NA,NA,2,NA,NA,0,13,1,1,1,29,20,29,1,1,6,22,1,0.16666666666666666,0.9666666666666667,0,8.75,1,5,NA
1,1,NA,NA,NA,NA,21.25,8,NA,NA,4,NA,NA,0,13,1,1,1,7,10,13,0,1,6,32,1,0,0,0,-13.25,1,3,NA
1,1,NA,NA,NA,NA,21.25,12,NA,NA,0,NA,NA,0,1371,1,1,0,11,10,10,1,1,6,23,1,0,0,0,-9.25,0,2,NA
1,1,NA,NA,NA,NA,21.25,28,NA,NA,3,NA,NA,0,13,1,1,1,27,2,10,1,1,5,22,1,0.3333333333333333,0.16666666666666666,1,6.75,1,4,NA
0,0,NA,NA,NA,NA,21.25,21,NA,NA,1,NA,NA,0,1380,1,1,1,20,20,20,1,1,5,23,1,0.5,0.16666666666666666,1,-0.25,0,3,NA
1,1,NA,NA,NA,NA,21.25,23,NA,NA,1,NA,NA,0,14,1,1,0,22,23,13,1,1,6,26,1,0.9666666666666667,0.16666666666666666,0,1.75,0,4,NA
1,1,NA,NA,NA,NA,21.25,8,NA,NA,3,NA,NA,0,14,1,1,1,7,6,22,1,1,7,30,1,0.3333333333333333,0.5,0,-13.25,1,4,NA
1,1,NA,NA,NA,NA,21.25,14,NA,NA,0,NA,NA,0,14,0,1,0,14,14,29,0,1,6,22,1,0.9666666666666667,0.16666666666666666,0,-7.25,1,4,NA
1,1,NA,NA,NA,NA,21.25,11,NA,NA,2,NA,NA,0,14,1,1,1,10,6,7,1,1,6,326,1,0.16666666666666666,0.9666666666666667,0,-10.25,0,2,NA
1,1,NA,NA,NA,NA,21.25,27,NA,NA,0,NA,NA,0,14,1,1,0,26,21,11,0,1,6,23,1,0.9666666666666667,0.9666666666666667,1,5.75,1,4,NA
1,1,NA,NA,NA,NA,21.25,3,NA,NA,4,NA,NA,0,14,1,1,1,2,3,7,0,1,7,35,1,0.5,0.3333333333333333,1,-18.25,1,2,NA
1,1,NA,NA,NA,NA,30,5,NA,NA,3,NA,NA,0,14,0,1,0,5,29,27,1,1,7,35,1,0.8333333333333334,0.3333333333333333,1,-25,1,4,NA
1,1,NA,NA,NA,NA,30,29,NA,NA,1,NA,NA,0,14,0,0,1,29,29,27,0,1,6,27,1,0.16666666666666666,0.16666666666666666,0,-1,1,5,NA
0,1,NA,NA,NA,NA,30,14,NA,NA,1,NA,NA,0,14,1,1,0,13,17,15,1,1,7,35,1,0.9666666666666667,0.9666666666666667,0,-16,1,4,NA
1,1,NA,NA,NA,NA,30,13,NA,NA,11,NA,NA,0,14,0,1,0,13,11,10,1,0,5,30,1,0.9666666666666667,0.5,0,-17,1,2,NA
1,1,NA,NA,NA,NA,30,12,NA,NA,3,NA,NA,0,1419,1,0,0,11,9,3,0,1,5,30,1,0.3333333333333333,0.16666666666666666,0,-18,0,4,NA
1,1,NA,NA,NA,NA,30,12,NA,NA,3,NA,NA,0,15,1,1,1,11,9,16,1,1,6,32,1,0.8333333333333334,0.16666666666666666,0,-18,1,2,NA
0,0,NA,NA,NA,NA,30,16,NA,NA,2,NA,NA,0,15,1,1,0,15,18,5,0,1,7,33,1,0.5,0.16666666666666666,0,-14,1,3,NA
1,1,NA,NA,NA,NA,30,27,NA,NA,2,NA,NA,0,15,1,1,0,26,26,23,1,1,6,27,1,0.16666666666666666,0,1,-3,0,4,NA
1,1,NA,NA,NA,NA,30,0,NA,NA,2,NA,NA,0,1433,0,1,0,0,22,12,1,1,8,23,1,0.5,0.5,0,-30,0,2,NA
1,1,NA,NA,NA,NA,30,4,NA,NA,1,NA,NA,0,15,0,1,1,4,13,5,0,1,7,27,1,0.3333333333333333,0.16666666666666666,0,-26,0,2,NA
1,1,NA,NA,NA,NA,30,13,NA,NA,1,NA,NA,0,15,1,1,1,12,12,8,1,1,9,31,1,0.3333333333333333,0.9666666666666667,0,-17,0,3,NA
1,1,NA,NA,NA,NA,30,16,NA,NA,1,NA,NA,0,15,1,1,1,15,7,10,0,1,6,26,1,0.3333333333333333,0.16666666666666666,1,-14,1,2,NA
1,1,NA,NA,NA,NA,0,30,NA,NA,0,NA,NA,0,15,1,1,1,29,14,29,1,0,3,21,1,0.16666666666666666,0.8333333333333334,1,30,0,5,NA
1,0,NA,NA,NA,NA,30,0,NA,NA,0,NA,NA,0,16,0,1,0,0,15,10,1,1,5,20,1,0.16666666666666666,0.9666666666666667,0,-30,1,5,NA
1,1,NA,NA,NA,NA,30,12,NA,NA,1,NA,NA,0,16,0,1,0,12,29,17,1,1,4,22,1,0.9666666666666667,0.8333333333333334,0,-18,0,2,NA
1,1,NA,NA,NA,NA,30,20,NA,NA,3,NA,NA,0,16,0,1,0,20,18,6,1,1,6,31,1,0.9666666666666667,0,0,-10,0,3,NA
1,0,NA,NA,NA,NA,30,2,NA,NA,11,NA,NA,0,17,1,1,1,1,1,1,1,1,6,27,1,0.9666666666666667,0.16666666666666666,0,-28,1,1,NA
1,1,NA,NA,NA,NA,30,8,NA,NA,2,NA,NA,0,17,1,1,1,7,16,23,0,1,6,26,1,0.3333333333333333,0.9666666666666667,0,-22,1,3,NA
1,1,NA,NA,NA,NA,30,5,NA,NA,3,NA,NA,0,1483,1,0,0,4,6,10,1,1,6,21,1,0.3333333333333333,0.3333333333333333,0,-25,1,2,NA
1,1,NA,NA,NA,NA,0,29,NA,NA,0,NA,NA,0,1492,1,1,1,28,28,27,1,1,7,30,1,0.16666666666666666,0.8333333333333334,0,29,0,4,NA
1,0,NA,NA,NA,NA,30,11,NA,NA,2,NA,NA,0,17,1,1,0,10,20,21,0,1,5,31,1,0.16666666666666666,0.16666666666666666,0,-19,1,4,NA
1,0,NA,NA,NA,NA,30,21,NA,NA,1,NA,NA,0,1497,1,1,1,20,13,17,0,1,6,29,1,0.6666666666666666,0.3333333333333333,0,-9,1,3,NA
1,1,NA,NA,NA,NA,30,15,NA,NA,8,NA,NA,0,17,0,0,1,15,14,10,0,0,2,160,0,0.6666666666666666,0.5,0,-15,1,3,NA
1,0,NA,NA,NA,NA,30,21,NA,NA,3,NA,NA,0,1500,1,1,0,20,29,25,1,1,6,30,1,0,0,1,-9,0,1,NA
