age,education,employed_now,employed_wife,children,haafez_self,vjobs_self,mwage_self,mwage_others,mwage_confidence,outside_self,outside_others,outside_confidence,semiseg_self,semiseg_others,semiseg_confidence,labor_demand_guess,session,signed_up_number,condition2,married,secondary,num_knows_per,num_mfs_per,stag,outside_guess,semiseg_guess,mwage_guess,outside_objective,semiseg_objective,mwage_objective,outside_wedge,semiseg_wedge,mwage_wedge,outside_wedge_pos,interaction
24,5,1,1,2,1,1,1,3,4,1,29,5,1,27,4,92,1,1,0,TRUE,1,0.9666666666666667,0.5,1,30,28,4,27,23,18,3,5,-14,TRUE,0
20,3,1,1,2,1,1,0,12,3,1,22,3,1,14,2,27,1,0,1,TRUE,1,0.9666666666666667,0.3333333333333333,0,23,15,12,27,23,18,-4,-8,-6,FALSE,0
28,3,0,0,0,1,1,0,20,3,1,25,3,1,24,3,50,1,0,0,TRUE,1,0,0,0,26,25,20,27,23,18,-1,2,2,FALSE,0
18,3,1,0,1,1,1,1,15,4,1,19,5,1,26,4,20,1,0,0,TRUE,1,0.9666666666666667,0.9666666666666667,0,20,27,16,27,23,18,-7,4,-2,FALSE,0
29,6,1,1,2,0,1,1,16,4,1,28,5,1,24,5,75,1,0,0,TRUE,1,0.9666666666666667,0.3333333333333333,0,29,25,17,27,23,18,2,2,-1,TRUE,0
20,6,1,1,0,1,1,1,29,4,1,29,5,1,29,4,50,1,1,0,TRUE,1,0.9666666666666667,0.9666666666666667,0,30,30,30,27,23,18,3,7,12,TRUE,0
22,3,1,1,1,1,1,1,6,2,1,8,2,0,8,2,17,1,0,1,TRUE,1,0.9666666666666667,0.9666666666666667,0,9,8,7,27,23,18,-18,-15,-11,FALSE,0
19,3,1,1,1,1,1,0,18,5,1,26,4,0,22,4,70,1,0,0,TRUE,1,0.6666666666666666,0.16666666666666666,0,27,22,18,27,23,18,0,-1,0,FALSE,0
35,3,1,1,3,0,1,0,19,3,1,15,4,1,25,5,92,1,1,1,TRUE,1,0.3333333333333333,0.6666666666666666,0,16,26,19,27,23,18,-11,3,1,FALSE,0
19,3,1,0,0,1,1,1,3,1,0,4,1,0,3,5,30,1,0,0,FALSE,1,0.5,0.9666666666666667,0,4,3,4,27,23,18,-23,-20,-14,FALSE,0
35,6,1,1,2,1,1,1,22,2,1,22,5,1,19,3,60,1,0,0,TRUE,1,0.9666666666666667,0.16666666666666666,0,23,20,23,27,23,18,-4,-3,5,FALSE,0
29,6,1,1,2,1,1,1,3,3,1,5,2,1,11,2,78,1,0,1,TRUE,1,0.9666666666666667,0.3333333333333333,0,6,12,4,27,23,18,-21,-11,-14,FALSE,0
29,7,1,1,2,1,1,1,26,3,1,24,4,0,13,3,52,1,0,1,TRUE,1,0,0,0,25,13,27,27,23,18,-2,-10,9,FALSE,0
20,5,1,0,1,1,1,1,3,2,1,26,3,1,22,2,54,1,0,0,TRUE,1,0.9666666666666667,0.6666666666666666,0,27,23,4,27,23,18,0,0,-14,FALSE,0
23,5,1,1,1,1,1,1,5,3,1,6,2,1,10,3,26,1,0,1,TRUE,1,0.16666666666666666,0.16666666666666666,0,7,11,6,27,23,18,-20,-12,-12,FALSE,0
18,3,1,0,2,1,1,0,29,3,0,6,2,1,29,5,NA,1,0,0,TRUE,1,0.9666666666666667,0.6666666666666666,0,6,30,29,27,23,18,-21,7,11,FALSE,0
18,3,1,0,0,1,1,0,25,5,1,23,4,1,24,4,NA,1,0,0,TRUE,1,0.9666666666666667,0.16666666666666666,0,24,25,25,27,23,18,-3,2,7,FALSE,0
28,6,1,1,1,0,0,1,19,5,1,29,5,1,29,5,100,1,0,0,TRUE,1,0.5,0.6666666666666666,0,30,30,20,27,23,18,3,7,2,TRUE,0
18,3,0,0,2,1,1,1,18,4,1,29,5,1,19,4,50,1,1,0,TRUE,1,0.16666666666666666,0.3333333333333333,0,30,20,19,27,23,18,3,-3,1,TRUE,0
25,5,1,1,1,0,0,0,16,4,1,24,4,1,14,3,50,1,0,1,TRUE,1,0.16666666666666666,0.9666666666666667,0,25,15,16,27,23,18,-2,-8,-2,FALSE,0
25,5,1,1,2,0,0,0,29,2,1,29,3,0,3,2,59,1,0,1,TRUE,1,0.9666666666666667,0.16666666666666666,0,30,3,29,27,23,18,3,-20,11,TRUE,1
25,7,1,0,2,1,0,1,10,5,1,10,5,1,5,3,70,1,0,0,TRUE,1,0.9666666666666667,0.3333333333333333,0,11,6,11,27,23,18,-16,-17,-7,FALSE,0
25,5,1,1,1,0,0,0,12,3,1,15,3,0,9,3,58,1,0,1,TRUE,1,0.9666666666666667,0.9666666666666667,0,16,9,12,27,23,18,-11,-14,-6,FALSE,0
23,3,1,1,1,0,0,1,29,5,0,29,5,1,28,5,54,1,0,1,TRUE,1,0.9666666666666667,0.9666666666666667,0,29,29,30,27,23,18,2,6,12,TRUE,1
34,4,1,1,4,1,1,0,18,2,1,23,3,1,23,5,79,1,1,0,TRUE,1,0.9666666666666667,0.9666666666666667,0,24,24,18,27,23,18,-3,1,0,FALSE,0
18,3,1,0,2,0,1,0,19,2,1,16,3,0,21,3,50,1,0,0,TRUE,1,0.16666666666666666,0.16666666666666666,0,17,21,19,27,23,18,-10,-2,1,FALSE,0
23,5,1,1,1,1,1,0,4,3,1,20,4,1,15,3,59,1,0,0,TRUE,1,0.16666666666666666,0.16666666666666666,0,21,16,4,27,23,18,-6,-7,-14,FALSE,0
21,3,1,1,2,1,1,1,14,3,1,29,1,1,8,5,28,1,0,1,TRUE,1,0.9666666666666667,0.9666666666666667,0,30,9,15,27,23,18,3,-14,-3,TRUE,1
25,6,1,1,2,1,1,1,29,5,1,29,5,1,29,5,100,1,0,1,TRUE,1,0.9666666666666667,0.9666666666666667,0,30,30,30,27,23,18,3,7,12,TRUE,1
18,3,1,1,1,1,1,1,20,3,1,29,5,1,29,5,70,1,0,0,TRUE,1,0.9666666666666667,0.9666666666666667,0,30,30,21,27,23,18,3,7,3,TRUE,0
19,3,1,1,2,1,1,1,12,3,1,28,4,1,19,3,34,2,0,0,TRUE,1,0.9666666666666667,0.16666666666666666,2,29,20,13,29.11764705882353,24.705882352941174,21.176470588235297,-0.117647058823529,-4.705882352941174,-8.176470588235297,FALSE,0
27,6,1,1,3,1,1,1,25,4,1,20,4,1,20,4,56,2,0,1,TRUE,1,0.8333333333333334,0.6666666666666666,0,21,21,26,29.11764705882353,24.705882352941174,21.176470588235297,-8.117647058823529,-3.705882352941174,4.823529411764703,FALSE,0
19,3,1,1,0,1,1,0,28,5,1,28,5,0,27,4,62,2,0,0,TRUE,1,0.8333333333333334,0.16666666666666666,0,29,27,28,29.11764705882353,24.705882352941174,21.176470588235297,-0.117647058823529,2.294117647058826,6.823529411764703,FALSE,0
21,3,0,0,3,0,0,0,22,1,1,19,1,1,29,5,50,2,0,0,TRUE,1,0.16666666666666666,0.16666666666666666,0,20,30,22,29.11764705882353,24.705882352941174,21.176470588235297,-9.117647058823529,5.294117647058826,0.823529411764703,FALSE,0
18,3,1,0,0,1,1,1,3,5,1,10,5,1,16,3,49,2,0,1,FALSE,1,0,0.16666666666666666,0,11,17,4,29.11764705882353,24.705882352941174,21.176470588235297,-18.11764705882353,-7.705882352941174,-17.176470588235297,FALSE,0
19,5,1,1,3,1,1,1,22,4,1,16,3,1,18,4,44,2,0,1,TRUE,1,0.8333333333333334,0.16666666666666666,0,17,19,23,29.11764705882353,24.705882352941174,21.176470588235297,-12.117647058823529,-5.705882352941174,1.823529411764703,FALSE,0
26,3,1,1,1,1,1,1,15,3,1,29,5,1,17,5,46,2,0,1,TRUE,1,0.9666666666666667,0.16666666666666666,0,30,18,16,29.11764705882353,24.705882352941174,21.176470588235297,0.882352941176471,-6.705882352941174,-5.176470588235297,TRUE,1
18,3,1,0,0,1,1,0,29,5,1,23,5,1,24,5,86,2,0,0,TRUE,1,0.8333333333333334,0.16666666666666666,0,24,25,29,29.11764705882353,24.705882352941174,21.176470588235297,-5.117647058823529,0.29411764705882604,7.823529411764703,FALSE,0
29,5,1,0,0,1,1,0,20,3,1,23,3,1,25,4,70,2,0,0,TRUE,1,0.9666666666666667,0.9666666666666667,0,24,26,20,29.11764705882353,24.705882352941174,21.176470588235297,-5.117647058823529,1.294117647058826,-1.176470588235297,FALSE,0
19,5,1,1,3,1,1,1,9,4,1,10,4,1,16,2,29,2,0,0,TRUE,1,0.3333333333333333,0.16666666666666666,0,11,17,10,29.11764705882353,24.705882352941174,21.176470588235297,-18.11764705882353,-7.705882352941174,-11.176470588235297,FALSE,0
26,5,1,1,2,1,0,1,14,3,1,10,2,1,16,2,31,2,1,0,TRUE,1,0.3333333333333333,0.3333333333333333,0,11,17,15,29.11764705882353,24.705882352941174,21.176470588235297,-18.11764705882353,-7.705882352941174,-6.176470588235297,FALSE,0
30,3,0,1,4,1,1,1,15,3,1,20,4,1,20,4,34,2,0,0,TRUE,1,0.9666666666666667,0,0,21,21,16,29.11764705882353,24.705882352941174,21.176470588235297,-8.117647058823529,-3.705882352941174,-5.176470588235297,FALSE,0
34,8,1,1,3,1,0,1,22,4,1,23,3,1,20,3,73,2,1,1,TRUE,1,0.9666666666666667,0.5,0,24,21,23,29.11764705882353,24.705882352941174,21.176470588235297,-5.117647058823529,-3.705882352941174,1.823529411764703,FALSE,0
33,3,1,1,4,1,1,1,21,4,1,17,3,0,13,3,31,2,0,0,TRUE,1,0.9666666666666667,0,0,18,13,22,29.11764705882353,24.705882352941174,21.176470588235297,-11.117647058823529,-11.705882352941174,0.823529411764703,FALSE,0
26,6,1,0,0,1,1,1,27,4,1,25,4,1,22,4,57,2,0,0,TRUE,1,0.6666666666666666,0.3333333333333333,0,26,23,28,29.11764705882353,24.705882352941174,21.176470588235297,-3.117647058823529,-1.705882352941174,6.823529411764703,FALSE,0
25,6,1,0,0,1,1,0,29,5,1,29,5,0,29,5,16,2,0,0,TRUE,1,0.9666666666666667,0,0,30,29,29,29.11764705882353,24.705882352941174,21.176470588235297,0.882352941176471,4.294117647058826,7.823529411764703,TRUE,0
18,3,1,0,0,1,1,0,29,5,1,29,5,1,29,5,60,2,0,1,TRUE,1,0.8333333333333334,0.16666666666666666,0,30,30,29,29.11764705882353,24.705882352941174,21.176470588235297,0.882352941176471,5.294117647058826,7.823529411764703,TRUE,1
21,5,1,1,1,1,1,1,23,4,1,24,4,1,28,4,70,2,0,1,TRUE,1,0.9666666666666667,0.16666666666666666,0,25,29,24,29.11764705882353,24.705882352941174,21.176470588235297,-4.117647058823529,4.294117647058826,2.823529411764703,FALSE,0
20,3,1,1,4,1,1,1,10,4,1,29,5,1,19,5,50,2,0,1,TRUE,1,0.9666666666666667,0.9666666666666667,0,30,20,11,29.11764705882353,24.705882352941174,21.176470588235297,0.882352941176471,-4.705882352941174,-10.176470588235297,TRUE,1
22,3,1,1,4,1,1,1,10,3,1,9,4,1,13,3,28,2,0,0,TRUE,1,0.8333333333333334,0.16666666666666666,0,10,14,11,29.11764705882353,24.705882352941174,21.176470588235297,-19.11764705882353,-10.705882352941174,-10.176470588235297,FALSE,0
24,3,1,0,2,1,1,1,26,3,0,25,3,1,27,5,67,2,1,0,TRUE,1,0,0,0,25,28,27,29.11764705882353,24.705882352941174,21.176470588235297,-4.117647058823529,3.294117647058826,5.823529411764703,FALSE,0
20,3,1,1,0,1,1,1,29,5,1,15,4,1,20,5,50,2,0,0,TRUE,1,0.9666666666666667,0.16666666666666666,0,16,21,30,29.11764705882353,24.705882352941174,21.176470588235297,-13.117647058823529,-3.705882352941174,8.823529411764703,FALSE,0
20,3,1,1,0,1,1,1,6,3,1,12,4,1,19,3,29,2,0,0,TRUE,1,0.9666666666666667,0.3333333333333333,0,13,20,7,29.11764705882353,24.705882352941174,21.176470588235297,-16.11764705882353,-4.705882352941174,-14.176470588235297,FALSE,0
24,5,1,1,2,1,1,1,25,3,1,27,4,1,26,3,85,2,0,0,TRUE,1,0.9666666666666667,0.9666666666666667,0,28,27,26,29.11764705882353,24.705882352941174,21.176470588235297,-1.117647058823529,2.294117647058826,4.823529411764703,FALSE,0
32,5,1,0,4,0,1,1,12,3,1,13,3,1,21,2,25,2,0,1,TRUE,1,0.9666666666666667,0.9666666666666667,0,14,22,13,29.11764705882353,24.705882352941174,21.176470588235297,-15.117647058823529,-2.705882352941174,-8.176470588235297,FALSE,0
25,6,1,1,1,1,1,0,0,5,1,15,3,1,29,4,50,2,1,1,TRUE,1,0.9666666666666667,0.16666666666666666,0,16,30,0,29.11764705882353,24.705882352941174,21.176470588235297,-13.117647058823529,5.294117647058826,-21.176470588235297,FALSE,0
25,6,0,0,0,1,1,1,23,5,1,26,5,0,13,5,86,2,1,1,TRUE,1,0.9666666666666667,0.16666666666666666,0,27,13,24,29.11764705882353,24.705882352941174,21.176470588235297,-2.117647058823529,-11.705882352941174,2.823529411764703,FALSE,0
23,5,1,1,1,1,1,1,24,3,1,28,4,1,28,4,83,2,1,0,TRUE,1,0.9666666666666667,0.9666666666666667,0,29,29,25,29.11764705882353,24.705882352941174,21.176470588235297,-0.117647058823529,4.294117647058826,3.823529411764703,FALSE,0
18,3,0,1,0,1,1,0,26,4,1,28,5,1,23,4,40,2,0,1,TRUE,1,0.9666666666666667,0.16666666666666666,0,29,24,26,29.11764705882353,24.705882352941174,21.176470588235297,-0.117647058823529,-0.705882352941174,4.823529411764703,FALSE,0
28,5,1,1,2,1,1,1,29,5,1,29,5,1,29,5,100,2,1,0,TRUE,1,0.5,0.5,0,30,30,30,29.11764705882353,24.705882352941174,21.176470588235297,0.882352941176471,5.294117647058826,8.823529411764703,TRUE,0
18,3,1,0,0,1,1,0,28,5,1,28,5,0,28,4,69,2,0,1,TRUE,1,0.8333333333333334,0.16666666666666666,0,29,28,28,29.11764705882353,24.705882352941174,21.176470588235297,-0.117647058823529,3.294117647058826,6.823529411764703,FALSE,0
18,3,1,1,0,1,1,0,26,4,1,26,4,0,23,4,50,2,0,1,TRUE,1,0.8333333333333334,0.16666666666666666,0,27,23,26,29.11764705882353,24.705882352941174,21.176470588235297,-2.117647058823529,-1.705882352941174,4.823529411764703,FALSE,0
21,3,0,1,0,0,0,1,5,2,1,15,3,1,19,2,80,2,1,1,TRUE,1,0.16666666666666666,0.16666666666666666,0,16,20,6,29.11764705882353,24.705882352941174,21.176470588235297,-13.117647058823529,-4.705882352941174,-15.176470588235297,FALSE,0
22,3,1,1,2,1,1,1,18,5,1,18,3,1,18,4,49,2,0,1,TRUE,1,0.8333333333333334,0.5,0,19,19,19,29.11764705882353,24.705882352941174,21.176470588235297,-10.117647058823529,-5.705882352941174,-2.176470588235297,FALSE,0
22,3,1,0,1,1,0,1,18,2,1,14,3,1,9,2,35,3,0,0,TRUE,1,0.9666666666666667,0.9666666666666667,3,15,10,19,27.93103448275862,27.93103448275862,24.82758620689655,-12.93103448275862,-17.93103448275862,-5.827586206896552,FALSE,0
20,3,1,1,1,1,1,1,16,3,1,22,5,1,20,3,85,3,0,1,TRUE,1,0.9666666666666667,0.16666666666666666,0,23,21,17,27.93103448275862,27.93103448275862,24.82758620689655,-4.931034482758619,-6.931034482758619,-7.827586206896552,FALSE,0
19,3,1,1,1,1,1,1,16,3,1,18,3,1,16,3,50,3,0,1,TRUE,1,0.9666666666666667,0,0,19,17,17,27.93103448275862,27.93103448275862,24.82758620689655,-8.93103448275862,-10.93103448275862,-7.827586206896552,FALSE,0
19,3,1,1,1,1,1,1,4,3,1,19,3,1,11,4,59,3,0,0,TRUE,1,0,0.16666666666666666,0,20,12,5,27.93103448275862,27.93103448275862,24.82758620689655,-7.931034482758619,-15.93103448275862,-19.82758620689655,FALSE,0
25,5,1,1,1,1,1,0,14,3,1,11,2,1,8,2,40,3,1,1,TRUE,1,0.9666666666666667,0.9666666666666667,0,12,9,14,27.93103448275862,27.93103448275862,24.82758620689655,-15.93103448275862,-18.93103448275862,-10.827586206896552,FALSE,0
20,3,1,1,1,1,1,0,6,3,1,6,3,1,6,2,40,3,0,0,TRUE,1,0.9666666666666667,0.9666666666666667,0,7,7,6,27.93103448275862,27.93103448275862,24.82758620689655,-20.93103448275862,-20.93103448275862,-18.82758620689655,FALSE,0
20,3,1,1,2,1,1,1,19,4,1,20,4,1,16,4,77,3,0,0,TRUE,1,0.9666666666666667,0.9666666666666667,0,21,17,20,27.93103448275862,27.93103448275862,24.82758620689655,-6.931034482758619,-10.93103448275862,-4.827586206896552,FALSE,0
24,3,1,0,0,1,0,1,2,1,1,29,1,1,29,5,85,3,0,1,TRUE,1,0.9666666666666667,0.9666666666666667,0,30,30,3,27.93103448275862,27.93103448275862,24.82758620689655,2.068965517241381,2.068965517241381,-21.82758620689655,TRUE,1
20,3,1,1,1,1,0,1,6,3,1,8,3,1,8,2,36,3,0,0,TRUE,1,0.3333333333333333,0.3333333333333333,0,9,9,7,27.93103448275862,27.93103448275862,24.82758620689655,-18.93103448275862,-18.93103448275862,-17.82758620689655,FALSE,0
22,3,1,1,1,1,1,1,17,3,1,29,3,1,22,3,83,3,0,0,TRUE,1,0.9666666666666667,0.9666666666666667,0,30,23,18,27.93103448275862,27.93103448275862,24.82758620689655,2.068965517241381,-4.931034482758619,-6.827586206896552,TRUE,0
21,3,1,1,1,1,0,0,16,4,1,13,4,1,16,4,48,3,1,0,TRUE,1,0.9666666666666667,0.3333333333333333,0,14,17,16,27.93103448275862,27.93103448275862,24.82758620689655,-13.93103448275862,-10.93103448275862,-8.827586206896552,FALSE,0
20,5,1,0,1,1,1,1,29,3,1,26,3,0,17,3,67,3,1,1,TRUE,1,0.9666666666666667,0.9666666666666667,0,27,17,30,27.93103448275862,27.93103448275862,24.82758620689655,-0.9310344827586192,-10.93103448275862,5.172413793103448,FALSE,0
21,3,1,1,1,1,1,1,13,4,1,16,5,1,16,5,66,3,1,0,TRUE,1,0.9666666666666667,0.3333333333333333,0,17,17,14,27.93103448275862,27.93103448275862,24.82758620689655,-10.93103448275862,-10.93103448275862,-10.827586206896552,FALSE,0
21,3,1,1,3,1,1,1,19,3,1,29,5,1,21,5,0,3,0,1,TRUE,1,0.9666666666666667,0.9666666666666667,0,30,22,20,27.93103448275862,27.93103448275862,24.82758620689655,2.068965517241381,-5.931034482758619,-4.827586206896552,TRUE,1
24,3,1,1,1,1,1,1,23,5,1,25,5,1,24,5,77,3,1,1,TRUE,1,0.9666666666666667,0,0,26,25,24,27.93103448275862,27.93103448275862,24.82758620689655,-1.9310344827586192,-2.931034482758619,-0.8275862068965516,FALSE,0
19,3,1,0,1,1,1,1,29,5,0,29,5,1,28,5,88,3,1,1,TRUE,1,0.9666666666666667,0.9666666666666667,0,29,29,30,27.93103448275862,27.93103448275862,24.82758620689655,1.0689655172413808,1.0689655172413808,5.172413793103448,TRUE,1
28,5,1,1,3,1,1,1,19,2,1,23,2,1,22,2,33,3,1,1,TRUE,1,0.16666666666666666,0.16666666666666666,0,24,23,20,27.93103448275862,27.93103448275862,24.82758620689655,-3.931034482758619,-4.931034482758619,-4.827586206896552,FALSE,0
19,8,1,1,3,1,1,1,3,1,1,9,2,1,3,1,0,3,0,0,TRUE,1,0.9666666666666667,0.9666666666666667,0,10,4,4,27.93103448275862,27.93103448275862,24.82758620689655,-17.93103448275862,-23.93103448275862,-20.82758620689655,FALSE,0
26,7,1,1,2,1,0,1,16,3,1,9,2,1,17,3,45,3,1,1,TRUE,1,0.9666666666666667,0.6666666666666666,0,10,18,17,27.93103448275862,27.93103448275862,24.82758620689655,-17.93103448275862,-9.93103448275862,-7.827586206896552,FALSE,0
25,6,1,0,1,0,1,1,19,3,1,16,3,1,18,3,50,3,0,1,TRUE,1,0.9666666666666667,0.9666666666666667,0,17,19,20,27.93103448275862,27.93103448275862,24.82758620689655,-10.93103448275862,-8.93103448275862,-4.827586206896552,FALSE,0
21,3,1,1,1,1,1,1,22,3,1,22,3,1,17,2,57,3,0,1,TRUE,1,0.9666666666666667,0.6666666666666666,0,23,18,23,27.93103448275862,27.93103448275862,24.82758620689655,-4.931034482758619,-9.93103448275862,-1.8275862068965516,FALSE,0
22,5,1,1,2,1,1,1,29,5,1,29,5,1,29,5,100,3,0,1,TRUE,1,0.9666666666666667,0.3333333333333333,0,30,30,30,27.93103448275862,27.93103448275862,24.82758620689655,2.068965517241381,2.068965517241381,5.172413793103448,TRUE,1
23,3,1,1,1,0,1,1,10,1,1,29,3,0,2,1,15,3,0,1,TRUE,1,0.9666666666666667,0.8333333333333334,0,30,2,11,27.93103448275862,27.93103448275862,24.82758620689655,2.068965517241381,-25.93103448275862,-13.827586206896552,TRUE,1
25,5,1,1,1,1,1,1,29,2,1,13,2,1,0,5,27,3,0,0,TRUE,1,0,0.16666666666666666,0,14,1,30,27.93103448275862,27.93103448275862,24.82758620689655,-13.93103448275862,-26.93103448275862,5.172413793103448,FALSE,0
19,3,1,0,0,1,1,1,0,1,1,0,1,1,0,1,26,3,0,0,TRUE,1,0.9666666666666667,0.9666666666666667,0,1,1,1,27.93103448275862,27.93103448275862,24.82758620689655,-26.93103448275862,-26.93103448275862,-23.82758620689655,FALSE,0
24,3,1,0,2,1,1,0,29,5,0,27,5,1,27,5,100,3,0,0,TRUE,1,0.16666666666666666,0.16666666666666666,0,27,28,29,27.93103448275862,27.93103448275862,24.82758620689655,-0.9310344827586192,0.06896551724138078,4.172413793103448,FALSE,0
20,4,1,0,0,0,0,0,24,4,1,27,5,1,17,3,60,3,0,0,TRUE,1,0.9666666666666667,0.3333333333333333,0,28,18,24,27.93103448275862,27.93103448275862,24.82758620689655,0.06896551724138078,-9.93103448275862,-0.8275862068965516,TRUE,0
20,5,1,1,1,1,1,1,20,3,1,13,3,1,13,3,40,3,0,0,TRUE,1,0.9666666666666667,0,0,14,14,21,27.93103448275862,27.93103448275862,24.82758620689655,-13.93103448275862,-13.93103448275862,-3.8275862068965516,FALSE,0
22,3,0,1,3,1,0,1,16,4,1,16,3,1,16,3,51,3,0,0,TRUE,1,0.9666666666666667,0,0,17,17,17,27.93103448275862,27.93103448275862,24.82758620689655,-10.93103448275862,-10.93103448275862,-7.827586206896552,FALSE,0
34,5,1,1,2,1,1,1,1,5,1,0,5,1,29,5,100,4,1,0,TRUE,1,0.9666666666666667,0.6666666666666666,4,1,30,2,29,30,23,-28,0,-21,FALSE,0
20,5,1,1,2,1,1,1,16,4,1,12,3,1,23,5,75,4,0,0,TRUE,1,0.16666666666666666,0.16666666666666666,0,13,24,17,29,30,23,-16,-6,-6,FALSE,0
18,3,1,1,1,1,1,1,29,5,1,28,5,1,29,5,100,4,1,1,TRUE,1,0,0.9666666666666667,0,29,30,30,29,30,23,0,0,7,FALSE,0
19,3,0,0,0,1,1,1,29,5,1,29,5,1,28,5,74,4,1,1,TRUE,1,0.9666666666666667,0.9666666666666667,0,30,29,30,29,30,23,1,-1,7,TRUE,1
18,3,0,1,0,1,1,1,10,4,1,14,3,1,9,3,53,4,1,1,TRUE,1,0.16666666666666666,0.16666666666666666,0,15,10,11,29,30,23,-14,-20,-12,FALSE,0
30,6,1,1,2,1,1,1,23,5,1,24,5,1,25,3,40,4,0,0,TRUE,1,0.9666666666666667,0.16666666666666666,0,25,26,24,29,30,23,-4,-4,1,FALSE,0
23,5,1,1,0,1,1,0,29,5,1,29,4,1,24,5,100,4,0,1,TRUE,1,0.9666666666666667,0.9666666666666667,0,30,25,29,29,30,23,1,-5,6,TRUE,1
23,7,1,1,0,1,1,1,24,4,1,29,5,1,29,5,100,4,0,0,TRUE,1,0.9666666666666667,0.9666666666666667,0,30,30,25,29,30,23,1,0,2,TRUE,0
27,6,1,1,2,1,1,0,22,5,1,29,5,1,29,4,62,4,0,1,TRUE,1,0.9666666666666667,0.16666666666666666,0,30,30,22,29,30,23,1,0,-1,TRUE,1
24,6,1,1,0,1,1,1,19,4,1,0,1,1,0,1,89,4,1,1,TRUE,1,0.9666666666666667,0.9666666666666667,0,1,1,20,29,30,23,-28,-29,-3,FALSE,0
24,6,1,1,3,1,1,1,13,4,1,16,4,1,29,5,100,4,1,1,TRUE,1,0.5,0.5,0,17,30,14,29,30,23,-12,0,-9,FALSE,0
27,6,1,1,0,1,1,1,29,5,1,19,5,1,29,5,NA,4,0,0,TRUE,1,0.9666666666666667,0,0,20,30,30,29,30,23,-9,0,7,FALSE,0
20,3,1,1,2,1,1,1,25,5,1,29,5,1,28,5,97,4,1,1,TRUE,1,0.9666666666666667,0.9666666666666667,0,30,29,26,29,30,23,1,-1,3,TRUE,1
26,5,1,1,1,1,0,0,17,4,1,19,4,1,19,3,64,4,0,0,TRUE,1,0.9666666666666667,0.9666666666666667,0,20,20,17,29,30,23,-9,-10,-6,FALSE,0
20,3,0,1,0,1,1,1,17,5,1,19,4,1,29,5,96,4,0,1,TRUE,1,0.16666666666666666,0.9666666666666667,0,20,30,18,29,30,23,-9,0,-5,FALSE,0
18,3,0,1,0,1,1,1,29,5,1,29,5,1,29,5,91,4,0,1,TRUE,1,0.9666666666666667,0.9666666666666667,0,30,30,30,29,30,23,1,0,7,TRUE,1
18,3,1,1,1,1,1,1,2,1,1,6,2,1,5,1,100,4,0,0,TRUE,1,0.9666666666666667,0.9666666666666667,0,7,6,3,29,30,23,-22,-24,-20,FALSE,0
25,6,0,0,2,1,0,1,29,3,1,25,4,1,29,5,72,4,0,1,TRUE,1,0.9666666666666667,0.9666666666666667,0,26,30,30,29,30,23,-3,0,7,FALSE,0
23,6,0,1,1,1,0,0,15,5,1,22,4,1,2,3,67,4,1,0,TRUE,1,0.9666666666666667,0.9666666666666667,0,23,3,15,29,30,23,-6,-27,-8,FALSE,0
19,3,0,0,0,0,0,1,0,1,1,0,1,1,29,5,67,4,0,1,TRUE,1,0.9666666666666667,0.3333333333333333,0,1,30,1,29,30,23,-28,0,-22,FALSE,0
19,5,1,1,0,1,1,0,7,5,1,20,3,1,10,3,50,4,0,1,TRUE,1,0.9666666666666667,0,0,21,11,7,29,30,23,-8,-19,-16,FALSE,0
19,5,1,1,1,1,1,1,5,2,1,4,2,1,5,2,0,4,0,0,TRUE,1,0,0.16666666666666666,0,5,6,6,29,30,23,-24,-24,-17,FALSE,0
27,7,1,1,3,1,1,1,0,2,1,23,4,1,22,4,33,4,0,0,TRUE,1,0.9666666666666667,0.16666666666666666,0,24,23,1,29,30,23,-5,-7,-22,FALSE,0
18,3,1,1,0,1,1,1,13,3,0,9,3,1,16,3,30,4,0,1,TRUE,1,0.16666666666666666,0.16666666666666666,0,9,17,14,29,30,23,-20,-13,-9,FALSE,0
18,9,1,1,1,1,1,1,0,1,1,0,1,1,0,1,2,4,0,1,TRUE,1,0.9666666666666667,0.9666666666666667,0,1,1,1,29,30,23,-28,-29,-22,FALSE,0
23,3,1,1,2,1,1,1,19,4,1,15,4,1,18,4,90,4,1,1,TRUE,1,0.9666666666666667,0,0,16,19,20,29,30,23,-13,-11,-3,FALSE,0
23,6,1,1,1,1,1,1,4,2,1,14,3,1,12,2,43,4,0,1,TRUE,1,0.3333333333333333,0.3333333333333333,0,15,13,5,29,30,23,-14,-17,-18,FALSE,0
18,3,1,1,1,1,1,1,0,1,1,0,1,1,0,1,100,4,0,0,TRUE,1,0,0,0,1,1,1,29,30,23,-28,-29,-22,FALSE,0
25,6,1,1,0,1,1,0,26,5,1,19,4,1,27,5,47,4,0,1,TRUE,1,0.6666666666666666,0.6666666666666666,0,20,28,26,29,30,23,-9,-2,3,FALSE,0
24,5,1,1,2,1,1,0,10,3,1,15,3,1,20,4,39,4,0,1,TRUE,1,0.16666666666666666,0.3333333333333333,0,16,21,10,29,30,23,-13,-9,-13,FALSE,0
20,5,0,0,0,1,1,1,6,3,1,20,3,1,18,3,83,5,1,1,TRUE,1,0.16666666666666666,0.16666666666666666,5,21,19,7,30,27.93103448275862,27.93103448275862,-9,-8.93103448275862,-20.93103448275862,FALSE,0
22,6,1,1,2,1,1,1,23,5,1,24,5,1,23,5,100,5,0,1,TRUE,1,0.3333333333333333,0.3333333333333333,0,25,24,24,30,27.93103448275862,27.93103448275862,-5,-3.931034482758619,-3.931034482758619,FALSE,0
23,6,1,1,0,1,1,1,14,5,1,13,5,1,15,5,61,5,0,1,TRUE,1,0.16666666666666666,0.16666666666666666,0,14,16,15,30,27.93103448275862,27.93103448275862,-16,-11.93103448275862,-12.93103448275862,FALSE,0
27,6,1,1,3,1,1,1,28,4,1,28,4,1,28,4,50,5,1,0,TRUE,1,0.16666666666666666,0.3333333333333333,0,29,29,29,30,27.93103448275862,27.93103448275862,-1,1.0689655172413808,1.0689655172413808,FALSE,0
22,6,1,1,1,1,0,1,23,5,1,29,5,1,29,5,100,5,0,1,TRUE,1,0,0,0,30,30,24,30,27.93103448275862,27.93103448275862,0,2.068965517241381,-3.931034482758619,FALSE,0
24,6,1,1,1,1,1,1,26,5,1,22,4,1,24,3,76,5,1,0,TRUE,1,0.16666666666666666,0.16666666666666666,0,23,25,27,30,27.93103448275862,27.93103448275862,-7,-2.931034482758619,-0.9310344827586192,FALSE,0
27,6,1,1,1,1,1,1,26,5,1,24,5,1,21,4,61,5,1,0,TRUE,1,0,0,0,25,22,27,30,27.93103448275862,27.93103448275862,-5,-5.931034482758619,-0.9310344827586192,FALSE,0
22,5,0,0,0,1,1,1,3,4,1,12,3,1,8,4,45,5,0,0,TRUE,1,0.16666666666666666,0.16666666666666666,0,13,9,4,30,27.93103448275862,27.93103448275862,-17,-18.93103448275862,-23.93103448275862,FALSE,0
25,6,1,1,3,1,1,1,29,5,1,29,5,1,29,5,100,5,0,1,TRUE,1,0.3333333333333333,0.9666666666666667,0,30,30,30,30,27.93103448275862,27.93103448275862,0,2.068965517241381,2.068965517241381,FALSE,0
24,6,1,1,2,1,1,1,1,1,1,4,1,1,0,1,NA,5,0,0,TRUE,1,0.9666666666666667,0.9666666666666667,0,5,1,2,30,27.93103448275862,27.93103448275862,-25,-26.93103448275862,-25.93103448275862,FALSE,0
25,6,1,1,1,1,1,1,10,3,1,14,3,1,10,3,49,5,0,0,TRUE,1,0.16666666666666666,0.16666666666666666,0,15,11,11,30,27.93103448275862,27.93103448275862,-15,-16.93103448275862,-16.93103448275862,FALSE,0
21,5,1,1,1,1,1,1,29,5,1,29,5,1,29,5,100,5,1,0,TRUE,1,0.3333333333333333,0.5,0,30,30,30,30,27.93103448275862,27.93103448275862,0,2.068965517241381,2.068965517241381,FALSE,0
21,6,1,1,1,1,1,1,21,4,1,22,4,1,20,5,91,5,0,0,TRUE,1,0.5,0.8333333333333334,0,23,21,22,30,27.93103448275862,27.93103448275862,-7,-6.931034482758619,-5.931034482758619,FALSE,0
23,6,1,1,0,1,1,1,5,3,1,12,1,1,14,3,78,5,0,0,TRUE,1,0.3333333333333333,0.3333333333333333,0,13,15,6,30,27.93103448275862,27.93103448275862,-17,-12.93103448275862,-21.93103448275862,FALSE,0
21,6,1,1,1,1,1,1,20,5,1,29,5,1,29,5,94,5,1,1,TRUE,1,0.16666666666666666,0.16666666666666666,0,30,30,21,30,27.93103448275862,27.93103448275862,0,2.068965517241381,-6.931034482758619,FALSE,0
25,7,1,1,2,1,1,1,26,5,1,26,5,1,26,5,100,5,1,1,TRUE,1,0.16666666666666666,0.16666666666666666,0,27,27,27,30,27.93103448275862,27.93103448275862,-3,-0.9310344827586192,-0.9310344827586192,FALSE,0
27,6,0,0,0,1,0,0,2,5,1,29,5,0,2,5,6,5,0,1,FALSE,1,0.5,0.3333333333333333,0,30,2,2,30,27.93103448275862,27.93103448275862,0,-25.93103448275862,-25.93103448275862,FALSE,0
23,5,1,1,1,1,0,1,16,5,1,10,3,0,6,2,10,5,0,0,TRUE,1,0.16666666666666666,0.3333333333333333,0,11,6,17,30,27.93103448275862,27.93103448275862,-19,-21.93103448275862,-10.93103448275862,FALSE,0
20,3,1,1,0,1,1,1,10,3,1,10,3,1,7,3,24,5,0,0,TRUE,1,0.16666666666666666,0.16666666666666666,0,11,8,11,30,27.93103448275862,27.93103448275862,-19,-19.93103448275862,-16.93103448275862,FALSE,0
27,6,1,1,3,1,1,1,6,3,1,17,3,1,20,5,81,5,0,1,TRUE,1,0.16666666666666666,0,0,18,21,7,30,27.93103448275862,27.93103448275862,-12,-6.931034482758619,-20.93103448275862,FALSE,0
25,6,1,1,2,1,1,1,24,5,1,29,5,1,29,5,100,5,1,0,TRUE,1,0.3333333333333333,0.3333333333333333,0,30,30,25,30,27.93103448275862,27.93103448275862,0,2.068965517241381,-2.931034482758619,FALSE,0
22,9,1,1,1,1,1,1,5,4,1,11,3,1,18,4,61,5,0,1,TRUE,1,0.16666666666666666,0.16666666666666666,0,12,19,6,30,27.93103448275862,27.93103448275862,-18,-8.93103448275862,-21.93103448275862,FALSE,0
24,5,1,1,1,1,1,1,7,4,1,15,4,1,8,3,21,5,0,0,TRUE,1,0.16666666666666666,0.16666666666666666,0,16,9,8,30,27.93103448275862,27.93103448275862,-14,-18.93103448275862,-19.93103448275862,FALSE,0
24,6,1,0,2,0,1,0,5,3,1,5,3,1,29,3,33,5,0,1,TRUE,1,0.16666666666666666,0.16666666666666666,0,6,30,5,30,27.93103448275862,27.93103448275862,-24,2.068965517241381,-22.93103448275862,FALSE,0
23,6,1,1,1,1,1,1,2,1,1,1,1,1,2,1,16,5,1,1,TRUE,1,0.3333333333333333,0.3333333333333333,0,2,3,3,30,27.93103448275862,27.93103448275862,-28,-24.93103448275862,-24.93103448275862,FALSE,0
24,6,1,1,2,1,1,1,11,3,1,0,1,1,0,1,22,5,1,0,TRUE,1,0.16666666666666666,0.16666666666666666,0,1,1,12,30,27.93103448275862,27.93103448275862,-29,-26.93103448275862,-15.93103448275862,FALSE,0
24,5,1,1,1,1,1,1,29,5,1,29,5,1,29,5,50,5,1,1,TRUE,1,0,0.16666666666666666,0,30,30,30,30,27.93103448275862,27.93103448275862,0,2.068965517241381,2.068965517241381,FALSE,0
22,6,1,1,0,1,1,1,29,5,1,15,5,1,22,5,87,5,1,0,TRUE,1,0.6666666666666666,0.5,0,16,23,30,30,27.93103448275862,27.93103448275862,-14,-4.931034482758619,2.068965517241381,FALSE,0
27,6,1,1,1,1,0,1,29,5,1,28,5,1,26,5,98,5,1,1,TRUE,1,0.9666666666666667,0.16666666666666666,0,29,27,30,30,27.93103448275862,27.93103448275862,-1,-0.9310344827586192,2.068965517241381,FALSE,0
22,6,1,1,1,1,1,1,29,5,1,25,4,1,26,5,70,6,0,0,TRUE,1,0.9666666666666667,0.16666666666666666,6,26,27,30,29,28,25,-3,-1,5,FALSE,0
22,3,1,0,2,1,1,1,29,5,1,29,5,1,29,5,100,6,1,0,TRUE,1,0.9666666666666667,0.9666666666666667,0,30,30,30,29,28,25,1,2,5,TRUE,0
24,3,1,1,2,1,1,1,26,5,1,29,2,1,26,2,70,6,0,1,TRUE,1,0,0,0,30,27,27,29,28,25,1,-1,2,TRUE,1
25,6,1,1,2,1,1,1,24,4,1,15,5,1,16,4,77,6,0,0,TRUE,1,0.9666666666666667,0.6666666666666666,0,16,17,25,29,28,25,-13,-11,0,FALSE,0
26,6,1,1,2,1,1,0,29,5,1,24,4,1,23,4,98,6,0,1,TRUE,1,0,0,0,25,24,29,29,28,25,-4,-4,4,FALSE,0
20,5,1,1,3,1,1,1,29,5,1,29,5,1,29,5,54,6,1,1,TRUE,1,0.9666666666666667,0.3333333333333333,0,30,30,30,29,28,25,1,2,5,TRUE,1
23,6,1,1,1,1,1,1,26,4,1,28,4,1,28,4,99,6,0,0,TRUE,1,0,0,0,29,29,27,29,28,25,0,1,2,FALSE,0
27,6,0,0,0,1,0,1,5,2,1,8,1,0,6,1,74,6,0,0,TRUE,1,0,0,0,9,6,6,29,28,25,-20,-22,-19,FALSE,0
23,6,1,1,0,1,1,1,12,4,1,20,3,1,10,3,62,6,0,1,TRUE,1,0.16666666666666666,0.16666666666666666,0,21,11,13,29,28,25,-8,-17,-12,FALSE,0
22,6,1,1,0,1,1,1,16,3,1,16,3,1,16,3,48,6,1,1,TRUE,1,0.5,0.5,0,17,17,17,29,28,25,-12,-11,-8,FALSE,0
25,6,1,1,2,1,1,1,10,3,1,10,3,1,11,3,36,6,1,0,TRUE,1,0,0,0,11,12,11,29,28,25,-18,-16,-14,FALSE,0
30,6,1,1,0,1,1,1,23,4,1,26,4,1,29,5,58,6,1,0,TRUE,1,0,0,0,27,30,24,29,28,25,-2,2,-1,FALSE,0
24,6,1,1,1,1,1,1,16,3,1,1,4,1,0,4,32,6,1,1,TRUE,1,0,0.16666666666666666,0,2,1,17,29,28,25,-27,-27,-8,FALSE,0
21,6,1,1,3,1,1,1,29,5,1,29,5,1,29,5,100,6,1,1,TRUE,1,0.6666666666666666,0.3333333333333333,0,30,30,30,29,28,25,1,2,5,TRUE,1
30,6,1,1,2,1,1,1,3,3,1,3,3,1,15,3,50,6,0,1,TRUE,1,0.16666666666666666,0.16666666666666666,0,4,16,4,29,28,25,-25,-12,-21,FALSE,0
20,5,1,0,1,1,1,1,7,3,1,10,3,1,13,2,48,6,0,1,TRUE,1,0.3333333333333333,0.16666666666666666,0,11,14,8,29,28,25,-18,-14,-17,FALSE,0
21,5,1,1,0,1,1,1,3,3,1,10,5,1,20,5,90,6,0,1,TRUE,1,0,0,0,11,21,4,29,28,25,-18,-7,-21,FALSE,0
25,6,1,1,2,1,1,1,20,4,1,18,4,1,20,4,35,6,0,0,TRUE,1,0.16666666666666666,0.16666666666666666,0,19,21,21,29,28,25,-10,-7,-4,FALSE,0
23,6,1,1,1,1,1,0,19,4,1,29,5,1,16,2,50,6,0,0,TRUE,1,0.3333333333333333,0.16666666666666666,0,30,17,19,29,28,25,1,-11,-6,TRUE,0
29,6,1,1,2,1,1,1,13,5,1,20,5,1,14,3,40,6,1,0,TRUE,1,0,0,0,21,15,14,29,28,25,-8,-13,-11,FALSE,0
21,5,1,1,2,1,1,1,29,5,1,29,5,1,29,5,50,6,0,0,TRUE,1,0.5,0.5,0,30,30,30,29,28,25,1,2,5,TRUE,0
23,3,1,0,1,0,1,1,23,3,0,23,2,1,19,2,70,6,1,1,TRUE,1,0.16666666666666666,0.3333333333333333,0,23,20,24,29,28,25,-6,-8,-1,FALSE,0
24,6,1,1,0,0,0,0,0,3,1,23,4,1,13,3,70,6,0,0,TRUE,1,0,0,0,24,14,0,29,28,25,-5,-14,-25,FALSE,0
26,5,1,1,2,1,1,1,25,5,1,27,5,1,29,5,70,6,0,0,TRUE,1,0.9666666666666667,0.16666666666666666,0,28,30,26,29,28,25,-1,2,1,FALSE,0
25,5,1,1,1,1,1,1,14,5,1,29,3,1,13,5,61,6,0,0,TRUE,1,0.5,0.3333333333333333,0,30,14,15,29,28,25,1,-14,-10,TRUE,0
26,5,1,0,0,1,1,0,6,3,1,23,5,1,16,3,NA,6,0,0,TRUE,1,0,0,0,24,17,6,29,28,25,-5,-11,-19,FALSE,0
23,6,1,1,1,1,1,1,26,5,1,26,5,1,26,5,70,6,0,1,TRUE,1,0.6666666666666666,0.16666666666666666,0,27,27,27,29,28,25,-2,-1,2,FALSE,0
30,6,1,1,0,1,1,0,13,5,1,28,5,1,29,5,NA,6,0,0,TRUE,1,0,0,0,29,30,13,29,28,25,0,2,-12,FALSE,0
27,6,1,1,0,1,0,1,6,3,1,19,4,0,17,5,58,6,1,0,TRUE,1,0,0,0,20,17,7,29,28,25,-9,-11,-18,FALSE,0
25,6,1,1,2,1,1,1,7,2,1,6,2,1,29,5,100,6,0,1,TRUE,1,0.16666666666666666,0.3333333333333333,0,7,30,8,29,28,25,-22,2,-17,FALSE,0
28,5,1,1,2,1,1,0,15,3,1,3,4,1,6,3,0,7,0,1,TRUE,1,0.8333333333333334,0.3333333333333333,7,4,7,15,24.82758620689655,26.896551724137932,18.620689655172413,-20.82758620689655,-19.896551724137932,-3.620689655172413,FALSE,0
25,6,1,1,4,1,1,1,27,4,1,21,3,1,23,4,77,7,1,1,TRUE,1,0.5,0.3333333333333333,0,22,24,28,24.82758620689655,26.896551724137932,18.620689655172413,-2.8275862068965516,-2.8965517241379324,9.379310344827587,FALSE,0
22,5,1,0,0,1,1,1,10,4,0,6,5,1,19,3,60,7,0,1,TRUE,1,0.6666666666666666,0.16666666666666666,0,6,20,11,24.82758620689655,26.896551724137932,18.620689655172413,-18.82758620689655,-6.896551724137932,-7.620689655172413,FALSE,0
26,6,1,0,1,1,1,0,0,5,1,29,2,1,29,1,0,7,0,0,TRUE,1,0.16666666666666666,0.16666666666666666,0,30,30,0,24.82758620689655,26.896551724137932,18.620689655172413,5.172413793103448,3.1034482758620676,-18.620689655172413,TRUE,0
25,6,1,1,3,1,1,1,0,5,1,29,5,1,29,5,0,7,0,0,TRUE,1,0.16666666666666666,0.3333333333333333,0,30,30,1,24.82758620689655,26.896551724137932,18.620689655172413,5.172413793103448,3.1034482758620676,-17.620689655172413,TRUE,0
28,6,1,0,2,0,1,0,3,3,1,16,3,0,9,3,8,7,0,1,TRUE,1,0.9666666666666667,0,0,17,9,3,24.82758620689655,26.896551724137932,18.620689655172413,-7.827586206896552,-17.896551724137932,-15.620689655172413,FALSE,0
28,6,1,0,0,0,1,1,15,3,1,14,3,1,16,3,51,7,0,1,TRUE,1,0,0,0,15,17,16,24.82758620689655,26.896551724137932,18.620689655172413,-9.827586206896552,-9.896551724137932,-2.620689655172413,FALSE,0
25,6,1,1,0,1,1,1,23,3,1,29,5,1,29,5,65,7,1,1,TRUE,1,0.16666666666666666,0.16666666666666666,0,30,30,24,24.82758620689655,26.896551724137932,18.620689655172413,5.172413793103448,3.1034482758620676,5.379310344827587,TRUE,1
28,5,1,1,1,1,0,1,23,4,1,13,3,1,17,3,55,7,0,1,TRUE,1,0.3333333333333333,0.16666666666666666,0,14,18,24,24.82758620689655,26.896551724137932,18.620689655172413,-10.827586206896552,-8.896551724137932,5.379310344827587,FALSE,0
27,6,1,0,3,1,0,1,12,4,0,9,4,1,17,3,28,7,0,0,TRUE,1,0.9666666666666667,0.16666666666666666,0,9,18,13,24.82758620689655,26.896551724137932,18.620689655172413,-15.827586206896552,-8.896551724137932,-5.620689655172413,FALSE,0
26,6,0,0,0,1,0,1,11,4,1,29,5,1,29,5,19,7,0,1,TRUE,1,0.9666666666666667,0.16666666666666666,0,30,30,12,24.82758620689655,26.896551724137932,18.620689655172413,5.172413793103448,3.1034482758620676,-6.620689655172413,TRUE,1
25,6,1,1,2,1,1,1,10,2,1,21,3,1,20,3,41,7,0,1,TRUE,1,0,0.16666666666666666,0,22,21,11,24.82758620689655,26.896551724137932,18.620689655172413,-2.8275862068965516,-5.896551724137932,-7.620689655172413,FALSE,0
28,6,0,1,1,1,1,1,28,3,1,28,4,1,29,4,63,7,1,0,TRUE,1,0.9666666666666667,0.9666666666666667,0,29,30,29,24.82758620689655,26.896551724137932,18.620689655172413,4.172413793103448,3.1034482758620676,10.379310344827587,TRUE,0
22,7,1,1,0,1,1,0,13,3,1,13,3,1,10,3,40,7,0,0,TRUE,1,0.5,0.3333333333333333,0,14,11,13,24.82758620689655,26.896551724137932,18.620689655172413,-10.827586206896552,-15.896551724137932,-5.620689655172413,FALSE,0
22,3,1,0,0,1,1,1,10,5,1,29,5,1,28,5,40,7,0,0,TRUE,1,0.3333333333333333,0.16666666666666666,0,30,29,11,24.82758620689655,26.896551724137932,18.620689655172413,5.172413793103448,2.1034482758620676,-7.620689655172413,TRUE,0
30,6,1,0,0,1,1,0,19,3,1,16,3,1,29,5,50,7,0,1,TRUE,1,0.6666666666666666,0.6666666666666666,0,17,30,19,24.82758620689655,26.896551724137932,18.620689655172413,-7.827586206896552,3.1034482758620676,0.3793103448275872,FALSE,0
26,3,1,1,1,1,1,0,10,5,1,20,4,1,10,3,49,7,0,0,TRUE,1,0.16666666666666666,0.16666666666666666,0,21,11,10,24.82758620689655,26.896551724137932,18.620689655172413,-3.8275862068965516,-15.896551724137932,-8.620689655172413,FALSE,0
27,7,1,1,2,1,1,1,16,4,1,17,3,1,29,5,77,7,0,0,TRUE,1,0.16666666666666666,0.16666666666666666,0,18,30,17,24.82758620689655,26.896551724137932,18.620689655172413,-6.827586206896552,3.1034482758620676,-1.6206896551724128,FALSE,0
25,5,1,1,1,1,1,1,23,1,1,7,1,1,1,1,2,7,1,0,TRUE,1,0.9666666666666667,0.16666666666666666,0,8,2,24,24.82758620689655,26.896551724137932,18.620689655172413,-16.82758620689655,-24.896551724137932,5.379310344827587,FALSE,0
25,7,1,1,2,1,1,1,26,4,1,29,5,1,27,5,0,7,1,1,TRUE,1,0.9666666666666667,0.6666666666666666,0,30,28,27,24.82758620689655,26.896551724137932,18.620689655172413,5.172413793103448,1.1034482758620676,8.379310344827587,TRUE,1
25,6,1,0,0,0,1,1,7,2,1,10,2,1,10,2,20,7,0,0,TRUE,1,0.3333333333333333,0.3333333333333333,0,11,11,8,24.82758620689655,26.896551724137932,18.620689655172413,-13.827586206896552,-15.896551724137932,-10.620689655172413,FALSE,0
24,6,1,0,2,1,1,1,12,1,1,29,1,1,13,2,56,7,1,0,TRUE,1,0.3333333333333333,0.16666666666666666,0,30,14,13,24.82758620689655,26.896551724137932,18.620689655172413,5.172413793103448,-12.896551724137932,-5.620689655172413,TRUE,0
22,3,0,1,2,1,1,1,8,2,1,5,2,1,7,5,0,7,0,1,TRUE,1,0.8333333333333334,0.5,0,6,8,9,24.82758620689655,26.896551724137932,18.620689655172413,-18.82758620689655,-18.896551724137932,-9.620689655172413,FALSE,0
25,6,0,0,1,0,1,1,23,2,1,16,1,1,29,4,38,7,0,0,TRUE,1,0.8333333333333334,0.16666666666666666,0,17,30,24,24.82758620689655,26.896551724137932,18.620689655172413,-7.827586206896552,3.1034482758620676,5.379310344827587,FALSE,0
26,8,1,1,2,1,1,0,16,5,1,29,5,1,21,5,NA,7,0,1,TRUE,1,0.9666666666666667,0.8333333333333334,0,30,22,16,24.82758620689655,26.896551724137932,18.620689655172413,5.172413793103448,-4.896551724137932,-2.620689655172413,TRUE,1
25,5,1,1,1,1,1,0,19,4,1,22,5,1,0,1,39,7,0,1,TRUE,1,0.9666666666666667,0.9666666666666667,0,23,1,19,24.82758620689655,26.896551724137932,18.620689655172413,-1.8275862068965516,-25.896551724137932,0.3793103448275872,FALSE,0
20,9,1,1,2,1,1,0,14,3,0,7,1,0,0,1,7,7,0,0,TRUE,1,0.16666666666666666,0,0,7,0,14,24.82758620689655,26.896551724137932,18.620689655172413,-17.82758620689655,-26.896551724137932,-4.620689655172413,FALSE,0
28,6,1,0,2,1,0,0,7,3,0,1,3,0,2,1,27,7,0,1,TRUE,1,0.8333333333333334,0.16666666666666666,0,1,2,7,24.82758620689655,26.896551724137932,18.620689655172413,-23.82758620689655,-24.896551724137932,-11.620689655172413,FALSE,0
28,6,1,0,3,0,1,0,12,3,0,6,2,1,16,4,30,7,0,0,TRUE,1,0.9666666666666667,0.16666666666666666,0,6,17,12,24.82758620689655,26.896551724137932,18.620689655172413,-18.82758620689655,-9.896551724137932,-6.620689655172413,FALSE,0
25,6,1,1,3,1,1,0,23,5,1,29,5,1,23,2,100,8,0,1,TRUE,1,0.16666666666666666,0.16666666666666666,8,30,24,23,29,26,17,1,-2,6,TRUE,1
25,6,0,0,0,0,0,1,16,3,1,13,3,0,6,2,49,8,1,1,TRUE,1,0.3333333333333333,0.16666666666666666,0,14,6,17,29,26,17,-15,-20,0,FALSE,0
21,6,1,1,0,1,1,1,29,5,1,29,5,1,29,5,91,8,1,0,TRUE,1,0.9666666666666667,0.8333333333333334,0,30,30,30,29,26,17,1,4,13,TRUE,0
20,3,1,0,0,1,1,0,19,4,1,29,5,1,28,5,72,8,0,0,TRUE,1,0.16666666666666666,0.3333333333333333,0,30,29,19,29,26,17,1,3,2,TRUE,0
25,6,1,1,0,1,1,1,16,3,1,25,2,1,19,3,39,8,0,0,TRUE,1,0,0.16666666666666666,0,26,20,17,29,26,17,-3,-6,0,FALSE,0
23,6,0,1,0,1,0,1,23,4,1,24,4,1,20,4,41,8,1,1,TRUE,1,0.3333333333333333,0.3333333333333333,0,25,21,24,29,26,17,-4,-5,7,FALSE,0
25,6,1,1,0,1,1,0,15,4,1,20,3,1,15,4,40,8,1,1,TRUE,1,0.16666666666666666,0.16666666666666666,0,21,16,15,29,26,17,-8,-10,-2,FALSE,0
20,5,1,0,0,1,1,0,13,4,1,19,4,1,5,3,NA,8,0,0,TRUE,1,0.9666666666666667,0.16666666666666666,0,20,6,13,29,26,17,-9,-20,-4,FALSE,0
24,6,1,1,2,1,1,1,19,5,1,26,5,1,23,5,55,8,0,0,TRUE,1,0.8333333333333334,0.16666666666666666,0,27,24,20,29,26,17,-2,-2,3,FALSE,0
22,3,1,0,1,1,1,1,16,3,1,15,3,1,9,4,52,8,0,1,TRUE,1,0.3333333333333333,0.16666666666666666,0,16,10,17,29,26,17,-13,-16,0,FALSE,0
24,6,1,1,4,1,1,0,10,5,1,29,5,0,29,5,50,8,1,0,TRUE,1,0.8333333333333334,0.3333333333333333,0,30,29,10,29,26,17,1,3,-7,TRUE,0
25,6,1,1,2,1,1,1,29,5,1,29,5,1,29,5,100,8,0,0,TRUE,1,0.8333333333333334,0.8333333333333334,0,30,30,30,29,26,17,1,4,13,TRUE,0
20,5,0,0,0,1,1,1,25,5,1,25,3,1,29,5,81,8,1,0,TRUE,1,0.9666666666666667,0.16666666666666666,0,26,30,26,29,26,17,-3,4,9,FALSE,0
20,6,1,1,1,1,1,1,20,3,1,10,3,1,15,2,20,8,0,1,TRUE,1,0.9666666666666667,0,0,11,16,21,29,26,17,-18,-10,4,FALSE,0
30,7,1,1,2,1,1,1,10,2,1,25,4,1,27,4,29,8,0,1,TRUE,1,0.9666666666666667,0.3333333333333333,0,26,28,11,29,26,17,-3,2,-6,FALSE,0
24,6,1,1,1,1,1,0,16,2,1,17,2,1,5,2,27,8,1,0,TRUE,1,0.16666666666666666,0.3333333333333333,0,18,6,16,29,26,17,-11,-20,-1,FALSE,0
35,6,1,1,2,1,1,1,15,2,1,28,4,1,22,5,31,8,1,1,TRUE,1,0.5,0.16666666666666666,0,29,23,16,29,26,17,0,-3,-1,FALSE,0
25,6,1,0,4,1,1,1,26,4,0,26,4,1,29,5,100,8,1,1,TRUE,1,0.9666666666666667,0.9666666666666667,0,26,30,27,29,26,17,-3,4,10,FALSE,0
30,6,1,1,3,1,1,1,3,2,1,6,2,1,6,3,17,8,0,1,TRUE,1,0.9666666666666667,0.16666666666666666,0,7,7,4,29,26,17,-22,-19,-13,FALSE,0
23,6,1,0,0,1,0,0,14,2,1,24,2,1,15,2,50,8,0,0,TRUE,1,0.9666666666666667,0.3333333333333333,0,25,16,14,29,26,17,-4,-10,-3,FALSE,0
28,6,1,1,1,1,1,0,9,2,1,18,3,0,11,3,47,8,0,0,TRUE,1,0.16666666666666666,0.16666666666666666,0,19,11,9,29,26,17,-10,-15,-8,FALSE,0
24,6,1,1,3,1,1,0,9,2,1,6,3,1,11,2,27,8,1,1,TRUE,1,0.8333333333333334,0.3333333333333333,0,7,12,9,29,26,17,-22,-14,-8,FALSE,0
25,6,1,1,2,1,1,1,10,3,1,16,4,1,16,3,50,8,0,0,TRUE,1,0.9666666666666667,0.6666666666666666,0,17,17,11,29,26,17,-12,-9,-6,FALSE,0
24,6,1,1,2,1,0,0,13,2,1,19,3,1,21,4,38,8,0,0,TRUE,1,0.8333333333333334,0.16666666666666666,0,20,22,13,29,26,17,-9,-4,-4,FALSE,0
23,6,1,0,1,1,1,1,16,4,1,29,5,1,6,2,100,8,1,1,TRUE,1,0.9666666666666667,0.3333333333333333,0,30,7,17,29,26,17,1,-19,0,TRUE,1
25,6,1,0,1,1,1,0,23,4,1,23,4,1,19,4,70,8,0,1,TRUE,1,0.16666666666666666,0.16666666666666666,0,24,20,23,29,26,17,-5,-6,6,FALSE,0
26,6,1,1,2,1,1,1,26,4,1,29,5,1,27,4,88,8,1,0,TRUE,1,0.3333333333333333,0.16666666666666666,0,30,28,27,29,26,17,1,2,10,TRUE,0
25,6,1,1,7,0,0,1,14,4,1,9,3,0,23,3,39,8,0,0,TRUE,1,0.16666666666666666,0.3333333333333333,0,10,23,15,29,26,17,-19,-3,-2,FALSE,0
25,6,1,1,0,1,1,0,0,4,1,23,5,1,29,4,100,8,0,1,TRUE,1,0.16666666666666666,0,0,24,30,0,29,26,17,-5,4,-17,FALSE,0
28,6,1,0,1,0,1,0,26,3,1,26,3,1,16,3,52,8,1,1,TRUE,1,0.16666666666666666,0.16666666666666666,0,27,17,26,29,26,17,-2,-9,9,FALSE,0
25,3,1,1,2,1,1,1,22,4,1,20,4,1,21,4,71,9,1,0,TRUE,1,0.6666666666666666,0.8333333333333334,9,21,22,23,25.555555555555557,25.555555555555557,18.88888888888889,-4.555555555555557,-3.555555555555557,4.111111111111111,FALSE,0
20,3,0,1,0,1,1,1,2,2,1,2,2,1,2,1,NA,9,0,0,TRUE,1,0,0,0,3,3,3,25.555555555555557,25.555555555555557,18.88888888888889,-22.555555555555557,-22.555555555555557,-15.88888888888889,FALSE,0
22,3,0,0,0,0,1,1,29,5,1,29,3,1,0,1,80,9,0,1,TRUE,1,0,0,0,30,1,30,25.555555555555557,25.555555555555557,18.88888888888889,4.444444444444443,-24.555555555555557,11.11111111111111,TRUE,1
25,5,1,1,2,1,1,1,29,5,1,29,5,1,29,5,100,9,0,0,TRUE,1,0.9666666666666667,0.9666666666666667,0,30,30,30,25.555555555555557,25.555555555555557,18.88888888888889,4.444444444444443,4.444444444444443,11.11111111111111,TRUE,0
23,5,1,1,0,1,1,1,23,5,1,23,4,1,21,4,68,9,1,1,TRUE,1,0,0.16666666666666666,0,24,22,24,25.555555555555557,25.555555555555557,18.88888888888889,-1.5555555555555571,-3.555555555555557,5.111111111111111,FALSE,0
28,8,1,0,0,1,1,1,5,2,1,2,2,1,5,2,11,9,0,1,TRUE,1,0.16666666666666666,0,0,3,6,6,25.555555555555557,25.555555555555557,18.88888888888889,-22.555555555555557,-19.555555555555557,-12.88888888888889,FALSE,0
29,7,1,1,3,1,1,1,29,5,1,29,5,1,29,5,100,9,1,1,TRUE,1,0.9666666666666667,0.3333333333333333,0,30,30,30,25.555555555555557,25.555555555555557,18.88888888888889,4.444444444444443,4.444444444444443,11.11111111111111,TRUE,1
22,3,0,0,0,1,0,0,29,3,0,1,3,1,29,5,NA,9,0,0,TRUE,1,0.8333333333333334,0.16666666666666666,0,1,30,29,25.555555555555557,25.555555555555557,18.88888888888889,-24.555555555555557,4.444444444444443,10.11111111111111,FALSE,0
20,6,0,0,0,1,0,0,3,1,1,29,5,1,29,5,100,9,0,0,TRUE,1,0,0,0,30,30,3,25.555555555555557,25.555555555555557,18.88888888888889,4.444444444444443,4.444444444444443,-15.88888888888889,TRUE,0
32,6,1,1,2,1,1,1,6,3,1,4,2,1,4,2,19,9,0,0,TRUE,1,0.16666666666666666,0.5,0,5,5,7,25.555555555555557,25.555555555555557,18.88888888888889,-20.555555555555557,-20.555555555555557,-11.88888888888889,FALSE,0
22,5,1,0,0,1,0,0,15,3,0,11,3,0,14,3,51,9,0,0,TRUE,1,0.16666666666666666,0.5,0,11,14,15,25.555555555555557,25.555555555555557,18.88888888888889,-14.555555555555557,-11.555555555555557,-3.8888888888888893,FALSE,0
25,6,1,1,2,1,1,1,7,2,1,7,2,1,6,2,26,9,1,0,TRUE,1,0.3333333333333333,0.3333333333333333,0,8,7,8,25.555555555555557,25.555555555555557,18.88888888888889,-17.555555555555557,-18.555555555555557,-10.88888888888889,FALSE,0
28,3,1,1,3,1,1,1,27,3,1,27,5,1,26,3,91,9,0,0,TRUE,1,0.16666666666666666,0.16666666666666666,0,28,27,28,25.555555555555557,25.555555555555557,18.88888888888889,2.444444444444443,1.4444444444444429,9.11111111111111,TRUE,0
19,3,1,0,0,1,1,0,22,3,1,20,5,1,23,4,61,9,1,1,TRUE,1,0.16666666666666666,0.16666666666666666,0,21,24,22,25.555555555555557,25.555555555555557,18.88888888888889,-4.555555555555557,-1.5555555555555571,3.1111111111111107,FALSE,0
27,7,1,0,2,1,1,0,6,5,1,21,1,1,3,1,100,9,0,1,TRUE,1,0.3333333333333333,0.16666666666666666,0,22,4,6,25.555555555555557,25.555555555555557,18.88888888888889,-3.555555555555557,-21.555555555555557,-12.88888888888889,FALSE,0
20,5,0,0,0,0,1,1,29,3,0,10,3,0,16,3,33,9,1,0,TRUE,1,0.16666666666666666,0,0,10,16,30,25.555555555555557,25.555555555555557,18.88888888888889,-15.555555555555557,-9.555555555555557,11.11111111111111,FALSE,0
35,3,1,0,4,1,1,0,28,5,1,15,5,1,29,5,80,9,1,1,TRUE,1,0.5,0.5,0,16,30,28,25.555555555555557,25.555555555555557,18.88888888888889,-9.555555555555557,4.444444444444443,9.11111111111111,FALSE,0
19,3,1,1,2,1,1,1,21,3,1,17,3,1,18,3,70,9,1,1,TRUE,1,0.9666666666666667,0.16666666666666666,0,18,19,22,25.555555555555557,25.555555555555557,18.88888888888889,-7.555555555555557,-6.555555555555557,3.1111111111111107,FALSE,0
21,5,0,0,0,1,1,0,25,4,1,7,5,1,13,3,38,9,1,1,TRUE,1,0.3333333333333333,0.16666666666666666,0,8,14,25,25.555555555555557,25.555555555555557,18.88888888888889,-17.555555555555557,-11.555555555555557,6.111111111111111,FALSE,0
18,3,0,0,0,1,0,1,10,5,1,21,3,0,5,2,100,9,0,0,FALSE,1,0.9666666666666667,0.16666666666666666,0,22,5,11,25.555555555555557,25.555555555555557,18.88888888888889,-3.555555555555557,-20.555555555555557,-7.888888888888889,FALSE,0
23,3,1,0,0,1,1,0,29,5,1,11,3,1,29,5,77,9,1,0,TRUE,1,0,0.16666666666666666,0,12,30,29,25.555555555555557,25.555555555555557,18.88888888888889,-13.555555555555557,4.444444444444443,10.11111111111111,FALSE,0
22,6,1,1,2,1,1,1,29,5,1,8,2,1,7,2,13,9,0,0,TRUE,1,0.9666666666666667,0.16666666666666666,0,9,8,30,25.555555555555557,25.555555555555557,18.88888888888889,-16.555555555555557,-17.555555555555557,11.11111111111111,FALSE,0
34,5,1,1,2,1,1,0,14,3,0,3,2,1,15,4,39,9,0,0,TRUE,1,0.16666666666666666,0.16666666666666666,0,3,16,14,25.555555555555557,25.555555555555557,18.88888888888889,-22.555555555555557,-9.555555555555557,-4.888888888888889,FALSE,0
25,6,1,1,0,1,1,1,29,5,1,29,5,1,29,5,100,9,0,0,TRUE,1,0.9666666666666667,0.9666666666666667,0,30,30,30,25.555555555555557,25.555555555555557,18.88888888888889,4.444444444444443,4.444444444444443,11.11111111111111,TRUE,0
24,6,1,0,0,1,1,0,1,5,1,0,1,0,4,1,30,9,0,0,TRUE,1,0.8333333333333334,0.5,0,1,4,1,25.555555555555557,25.555555555555557,18.88888888888889,-24.555555555555557,-21.555555555555557,-17.88888888888889,FALSE,0
26,6,1,1,1,1,1,1,22,3,1,20,3,1,27,3,53,9,0,0,TRUE,1,0.16666666666666666,0.16666666666666666,0,21,28,23,25.555555555555557,25.555555555555557,18.88888888888889,-4.555555555555557,2.444444444444443,4.111111111111111,FALSE,0
25,3,1,1,2,1,1,1,4,2,1,8,2,1,6,2,14,9,0,1,TRUE,1,0,0.16666666666666666,0,9,7,5,25.555555555555557,25.555555555555557,18.88888888888889,-16.555555555555557,-18.555555555555557,-13.88888888888889,FALSE,0
25,5,1,0,4,1,1,1,18,3,1,16,3,0,9,3,81,10,0,0,TRUE,1,0.16666666666666666,0,10,17,9,19,24.82758620689655,22.75862068965517,25.86206896551724,-7.827586206896552,-13.75862068965517,-6.862068965517238,FALSE,0
25,6,1,1,3,1,1,1,14,1,1,1,1,1,1,1,100,10,0,0,TRUE,1,0.5,0.5,0,2,2,15,24.82758620689655,22.75862068965517,25.86206896551724,-22.82758620689655,-20.75862068965517,-10.862068965517238,FALSE,0
23,5,1,1,6,1,0,1,6,2,1,20,3,1,4,2,47,10,0,1,TRUE,1,0.3333333333333333,0.3333333333333333,0,21,5,7,24.82758620689655,22.75862068965517,25.86206896551724,-3.8275862068965516,-17.75862068965517,-18.86206896551724,FALSE,0
25,6,1,0,1,1,0,1,10,4,1,11,3,1,20,3,72,10,0,1,TRUE,1,0.16666666666666666,0.16666666666666666,0,12,21,11,24.82758620689655,22.75862068965517,25.86206896551724,-12.827586206896552,-1.7586206896551708,-14.862068965517238,FALSE,0
27,5,1,1,3,1,1,1,6,4,1,24,3,1,29,5,37,10,0,1,TRUE,1,0.16666666666666666,0.16666666666666666,0,25,30,7,24.82758620689655,22.75862068965517,25.86206896551724,0.1724137931034484,7.241379310344829,-18.86206896551724,TRUE,1
28,5,1,1,5,1,1,1,13,2,1,9,4,1,17,3,40,10,0,0,TRUE,1,0.16666666666666666,0.16666666666666666,0,10,18,14,24.82758620689655,22.75862068965517,25.86206896551724,-14.827586206896552,-4.758620689655171,-11.862068965517238,FALSE,0
22,5,1,1,8,1,0,1,13,2,1,8,3,1,13,3,NA,10,0,0,TRUE,1,0.16666666666666666,0.16666666666666666,0,9,14,14,24.82758620689655,22.75862068965517,25.86206896551724,-15.827586206896552,-8.75862068965517,-11.862068965517238,FALSE,0
25,5,0,0,0,0,0,1,20,4,1,20,4,1,20,4,25,10,0,0,TRUE,1,0.9666666666666667,0,0,21,21,21,24.82758620689655,22.75862068965517,25.86206896551724,-3.8275862068965516,-1.7586206896551708,-4.862068965517238,FALSE,0
20,3,0,0,0,1,1,1,16,3,0,19,3,1,16,3,0,10,0,1,TRUE,1,0.9666666666666667,0.9666666666666667,0,19,17,17,24.82758620689655,22.75862068965517,25.86206896551724,-5.827586206896552,-5.758620689655171,-8.862068965517238,FALSE,0
30,6,1,0,2,0,1,1,10,3,0,17,4,1,20,4,47,10,0,0,TRUE,1,0,0.3333333333333333,0,17,21,11,24.82758620689655,22.75862068965517,25.86206896551724,-7.827586206896552,-1.7586206896551708,-14.862068965517238,FALSE,0
20,3,0,0,0,1,1,0,0,1,1,0,1,1,0,5,0,10,0,0,TRUE,1,0,0,0,1,1,0,24.82758620689655,22.75862068965517,25.86206896551724,-23.82758620689655,-21.75862068965517,-25.86206896551724,FALSE,0
18,3,0,0,0,1,1,1,29,5,1,29,5,1,29,5,100,10,1,1,TRUE,1,0,0.16666666666666666,0,30,30,30,24.82758620689655,22.75862068965517,25.86206896551724,5.172413793103448,7.241379310344829,4.137931034482762,TRUE,1
21,3,0,0,2,1,1,1,14,4,1,18,3,0,16,3,34,10,0,0,TRUE,1,0.3333333333333333,0.16666666666666666,0,19,16,15,24.82758620689655,22.75862068965517,25.86206896551724,-5.827586206896552,-6.758620689655171,-10.862068965517238,FALSE,0
21,3,1,0,0,1,0,1,20,3,0,1,2,0,21,2,27,10,0,1,TRUE,1,0.9666666666666667,0,0,1,21,21,24.82758620689655,22.75862068965517,25.86206896551724,-23.82758620689655,-1.7586206896551708,-4.862068965517238,FALSE,0
28,3,1,1,3,1,1,1,11,3,1,14,2,1,10,2,40,10,0,1,TRUE,1,0.16666666666666666,0.16666666666666666,0,15,11,12,24.82758620689655,22.75862068965517,25.86206896551724,-9.827586206896552,-11.75862068965517,-13.862068965517238,FALSE,0
20,5,1,1,2,1,1,1,22,3,1,17,2,1,19,2,50,10,0,0,TRUE,1,0.8333333333333334,0.6666666666666666,0,18,20,23,24.82758620689655,22.75862068965517,25.86206896551724,-6.827586206896552,-2.758620689655171,-2.8620689655172384,FALSE,0
24,6,1,0,1,1,1,0,29,5,1,20,4,0,17,3,33,10,0,0,TRUE,1,0.9666666666666667,0.16666666666666666,0,21,17,29,24.82758620689655,22.75862068965517,25.86206896551724,-3.8275862068965516,-5.758620689655171,3.1379310344827616,FALSE,0
36,3,1,1,2,1,1,1,6,3,1,25,4,0,21,3,24,10,0,1,TRUE,1,0.3333333333333333,0.3333333333333333,0,26,21,7,24.82758620689655,22.75862068965517,25.86206896551724,1.1724137931034484,-1.7586206896551708,-18.86206896551724,TRUE,1
21,3,1,0,0,1,1,1,16,3,1,12,3,1,15,3,68,10,1,0,TRUE,1,0.9666666666666667,0.9666666666666667,0,13,16,17,24.82758620689655,22.75862068965517,25.86206896551724,-11.827586206896552,-6.758620689655171,-8.862068965517238,FALSE,0
23,3,1,1,2,1,1,1,15,3,1,15,3,1,15,3,49,10,0,1,TRUE,1,0.16666666666666666,0.16666666666666666,0,16,16,16,24.82758620689655,22.75862068965517,25.86206896551724,-8.827586206896552,-6.758620689655171,-9.862068965517238,FALSE,0
12,4,0,0,0,0,1,1,3,5,0,2,5,0,1,2,8,10,0,1,TRUE,1,0.16666666666666666,0,0,2,1,4,24.82758620689655,22.75862068965517,25.86206896551724,-22.82758620689655,-21.75862068965517,-21.86206896551724,FALSE,0
25,3,1,0,2,1,1,1,9,4,1,11,3,1,24,3,17,10,0,0,TRUE,1,0.3333333333333333,0.3333333333333333,0,12,25,10,24.82758620689655,22.75862068965517,25.86206896551724,-12.827586206896552,2.241379310344829,-15.862068965517238,FALSE,0
30,7,1,0,1,1,0,0,16,5,1,27,5,1,20,5,100,10,1,1,TRUE,1,0.3333333333333333,0.16666666666666666,0,28,21,16,24.82758620689655,22.75862068965517,25.86206896551724,3.1724137931034484,-1.7586206896551708,-9.862068965517238,TRUE,1
21,5,0,1,0,1,1,1,6,3,1,9,3,1,13,3,7,10,1,1,TRUE,1,0.3333333333333333,0.16666666666666666,0,10,14,7,24.82758620689655,22.75862068965517,25.86206896551724,-14.827586206896552,-8.75862068965517,-18.86206896551724,FALSE,0
20,3,1,0,0,1,1,0,10,4,0,18,3,1,18,4,49,10,0,1,TRUE,1,0.9666666666666667,0.3333333333333333,0,18,19,10,24.82758620689655,22.75862068965517,25.86206896551724,-6.827586206896552,-3.758620689655171,-15.862068965517238,FALSE,0
19,3,0,0,0,1,0,1,6,5,1,19,4,0,6,2,50,10,0,0,TRUE,1,0.3333333333333333,0.16666666666666666,0,20,6,7,24.82758620689655,22.75862068965517,25.86206896551724,-4.827586206896552,-16.75862068965517,-18.86206896551724,FALSE,0
29,7,1,1,3,1,0,1,29,5,1,29,5,1,29,5,95,10,0,1,TRUE,1,0.6666666666666666,0.3333333333333333,0,30,30,30,24.82758620689655,22.75862068965517,25.86206896551724,5.172413793103448,7.241379310344829,4.137931034482762,TRUE,1
28,8,1,1,4,1,1,1,29,4,1,29,5,1,29,4,100,10,1,1,TRUE,1,0.9666666666666667,0.8333333333333334,0,30,30,30,24.82758620689655,22.75862068965517,25.86206896551724,5.172413793103448,7.241379310344829,4.137931034482762,TRUE,1
18,3,1,1,0,1,1,1,16,3,1,3,3,1,4,3,0,10,0,1,TRUE,1,0,0.16666666666666666,0,4,5,17,24.82758620689655,22.75862068965517,25.86206896551724,-20.82758620689655,-17.75862068965517,-8.862068965517238,FALSE,0
23,6,1,1,1,1,1,0,26,4,1,26,4,1,27,3,60,11,0,0,TRUE,1,0.9666666666666667,0.8333333333333334,11,27,28,26,23.4375,24.375,17.8125,3.5625,3.625,8.1875,TRUE,0
23,6,1,0,2,0,0,0,10,3,1,23,3,1,19,3,40,11,0,1,TRUE,1,0.16666666666666666,0.9666666666666667,0,24,20,10,23.4375,24.375,17.8125,0.5625,-4.375,-7.8125,TRUE,1
11,1,0,0,0,0,0,0,12,3,0,11,2,0,0,1,34,11,0,1,FALSE,0,0,0,0,11,0,12,23.4375,24.375,17.8125,-12.4375,-24.375,-5.8125,FALSE,0
19,5,1,0,0,1,1,1,20,3,1,20,3,1,20,3,50,11,0,1,FALSE,1,0.3333333333333333,0.16666666666666666,0,21,21,21,23.4375,24.375,17.8125,-2.4375,-3.375,3.1875,FALSE,0
30,5,0,0,5,1,1,1,23,4,0,26,4,1,29,5,35,11,0,0,TRUE,1,0.5,0,0,26,30,24,23.4375,24.375,17.8125,2.5625,5.625,6.1875,TRUE,0
25,6,1,1,0,1,1,1,3,4,1,29,4,1,29,2,70,11,1,0,TRUE,1,0.16666666666666666,0.9666666666666667,0,30,30,4,23.4375,24.375,17.8125,6.5625,5.625,-13.8125,TRUE,0
25,6,1,1,0,1,1,0,0,1,1,29,1,1,0,1,71,11,0,0,TRUE,1,0.3333333333333333,0.3333333333333333,0,30,1,0,23.4375,24.375,17.8125,6.5625,-23.375,-17.8125,TRUE,0
24,6,1,1,2,1,1,0,29,3,1,29,5,1,29,5,100,11,0,1,TRUE,1,0.16666666666666666,0.16666666666666666,0,30,30,29,23.4375,24.375,17.8125,6.5625,5.625,11.1875,TRUE,1
16,1,1,0,10,1,1,0,15,3,0,15,3,0,14,3,55,11,0,0,FALSE,0,0.6666666666666666,0.3333333333333333,0,15,14,15,23.4375,24.375,17.8125,-8.4375,-10.375,-2.8125,FALSE,0
19,3,1,0,2,1,1,0,17,5,1,21,4,1,17,5,64,11,0,1,TRUE,1,0.9666666666666667,0.16666666666666666,0,22,18,17,23.4375,24.375,17.8125,-1.4375,-6.375,-0.8125,FALSE,0
24,5,1,1,2,1,1,1,19,3,1,13,2,1,26,4,82,11,1,1,TRUE,1,0.5,0.3333333333333333,0,14,27,20,23.4375,24.375,17.8125,-9.4375,2.625,2.1875,FALSE,0
23,5,1,0,1,1,1,1,14,3,1,21,2,1,9,3,36,11,0,0,TRUE,1,0.3333333333333333,0.5,0,22,10,15,23.4375,24.375,17.8125,-1.4375,-14.375,-2.8125,FALSE,0
30,7,1,1,3,1,1,1,3,3,1,29,5,1,29,5,100,11,0,0,TRUE,1,0.9666666666666667,0.16666666666666666,0,30,30,4,23.4375,24.375,17.8125,6.5625,5.625,-13.8125,TRUE,0
22,4,1,1,2,1,1,0,18,3,0,15,3,0,13,5,NA,11,0,1,TRUE,1,0.9666666666666667,0.9666666666666667,0,15,13,18,23.4375,24.375,17.8125,-8.4375,-11.375,0.1875,FALSE,0
20,5,1,1,5,1,1,1,17,4,1,28,5,1,25,4,67,11,0,0,TRUE,1,0.16666666666666666,0.9666666666666667,0,29,26,18,23.4375,24.375,17.8125,5.5625,1.625,0.1875,TRUE,0
23,6,1,1,2,1,1,1,9,4,1,14,4,1,14,4,60,11,1,0,TRUE,1,0.16666666666666666,0.9666666666666667,0,15,15,10,23.4375,24.375,17.8125,-8.4375,-9.375,-7.8125,FALSE,0
26,5,1,0,1,1,1,1,6,3,0,17,3,1,10,3,15,11,0,0,TRUE,1,0.9666666666666667,0.6666666666666666,0,17,11,7,23.4375,24.375,17.8125,-6.4375,-13.375,-10.8125,FALSE,0
24,5,1,1,2,1,1,1,28,5,1,29,5,1,14,3,46,11,0,0,TRUE,1,0.9666666666666667,0.9666666666666667,0,30,15,29,23.4375,24.375,17.8125,6.5625,-9.375,11.1875,TRUE,0
23,7,1,1,8,0,1,0,16,5,0,11,3,0,17,2,49,11,1,1,TRUE,1,0.3333333333333333,0.9666666666666667,0,11,17,16,23.4375,24.375,17.8125,-12.4375,-7.375,-1.8125,FALSE,0
26,6,1,0,1,1,1,1,18,5,1,18,5,1,18,5,0,11,0,1,TRUE,1,0.16666666666666666,0.16666666666666666,0,19,19,19,23.4375,24.375,17.8125,-4.4375,-5.375,1.1875,FALSE,0
23,4,0,0,0,1,1,0,20,3,1,18,5,0,8,3,77,11,0,1,FALSE,1,0.3333333333333333,0.16666666666666666,0,19,8,20,23.4375,24.375,17.8125,-4.4375,-16.375,2.1875,FALSE,0
22,5,1,1,0,1,1,1,20,3,1,29,3,1,19,3,60,11,1,1,TRUE,1,0.16666666666666666,0.9666666666666667,0,30,20,21,23.4375,24.375,17.8125,6.5625,-4.375,3.1875,TRUE,1
15,1,0,1,11,0,0,0,15,3,0,21,3,0,23,4,4,11,0,1,FALSE,0,0.9666666666666667,0.9666666666666667,0,21,23,15,23.4375,24.375,17.8125,-2.4375,-1.375,-2.8125,FALSE,0
26,6,1,0,1,0,1,0,26,5,1,16,3,1,28,5,81,11,0,0,TRUE,1,0.16666666666666666,0.9666666666666667,0,17,29,26,23.4375,24.375,17.8125,-6.4375,4.625,8.1875,FALSE,0
23,6,1,1,2,0,1,1,16,4,1,20,4,1,16,4,50,11,0,0,TRUE,1,0.6666666666666666,0.6666666666666666,0,21,17,17,23.4375,24.375,17.8125,-2.4375,-7.375,-0.8125,FALSE,0
28,6,1,0,3,1,0,1,13,3,1,19,3,1,9,3,57,11,0,0,TRUE,1,0.16666666666666666,0.9666666666666667,0,20,10,14,23.4375,24.375,17.8125,-3.4375,-14.375,-3.8125,FALSE,0
24,6,0,0,2,1,0,1,28,3,1,17,4,1,24,5,60,11,0,0,TRUE,1,0.8333333333333334,0.9666666666666667,0,18,25,29,23.4375,24.375,17.8125,-5.4375,0.625,11.1875,FALSE,0
24,6,1,1,0,1,1,1,5,3,1,12,4,1,20,4,30,11,1,1,TRUE,1,0.16666666666666666,0.16666666666666666,0,13,21,6,23.4375,24.375,17.8125,-10.4375,-3.375,-11.8125,FALSE,0
18,3,1,1,2,1,1,1,29,5,1,29,5,1,29,5,100,11,0,0,TRUE,1,0.9666666666666667,0.16666666666666666,0,30,30,30,23.4375,24.375,17.8125,6.5625,5.625,12.1875,TRUE,0
19,3,1,1,2,1,1,1,11,2,1,10,2,1,10,3,30,11,0,0,TRUE,1,0.6666666666666666,0.3333333333333333,0,11,11,12,23.4375,24.375,17.8125,-12.4375,-13.375,-5.8125,FALSE,0
25,5,1,0,2,1,1,1,4,5,1,6,5,1,18,5,65,11,0,0,TRUE,1,0.16666666666666666,0.9666666666666667,0,7,19,5,23.4375,24.375,17.8125,-16.4375,-5.375,-12.8125,FALSE,0
22,5,1,0,1,0,1,0,10,3,1,21,4,1,29,5,30,11,0,0,TRUE,1,0.6666666666666666,0.3333333333333333,0,22,30,10,23.4375,24.375,17.8125,-1.4375,5.625,-7.8125,FALSE,0
26,6,1,1,3,1,0,1,16,2,1,18,4,1,17,3,49,12,1,1,TRUE,1,0,0.16666666666666666,12,19,18,17,23.793103448275865,26.896551724137932,22.75862068965517,-4.793103448275865,-8.896551724137932,-5.758620689655171,FALSE,0
24,6,1,1,2,1,1,1,19,4,1,16,3,1,12,4,35,12,0,0,TRUE,1,0.16666666666666666,0.16666666666666666,0,17,13,20,23.793103448275865,26.896551724137932,22.75862068965517,-6.793103448275865,-13.896551724137932,-2.758620689655171,FALSE,0
29,6,1,0,8,1,1,1,27,3,1,20,3,1,24,3,49,12,0,0,TRUE,1,0.6666666666666666,0.16666666666666666,0,21,25,28,23.793103448275865,26.896551724137932,22.75862068965517,-2.7931034482758648,-1.8965517241379324,5.241379310344829,FALSE,0
20,5,1,0,3,1,1,1,13,2,1,8,2,1,5,2,29,12,0,1,TRUE,1,0,0.16666666666666666,0,9,6,14,23.793103448275865,26.896551724137932,22.75862068965517,-14.793103448275865,-20.896551724137932,-8.75862068965517,FALSE,0
27,6,1,1,1,1,1,1,17,5,1,27,5,1,19,5,100,12,1,0,TRUE,1,0.16666666666666666,0.16666666666666666,0,28,20,18,23.793103448275865,26.896551724137932,22.75862068965517,4.206896551724135,-6.896551724137932,-4.758620689655171,TRUE,0
27,5,1,1,0,1,1,1,29,3,1,29,5,1,29,5,100,12,0,0,TRUE,1,0,0,0,30,30,30,23.793103448275865,26.896551724137932,22.75862068965517,6.206896551724135,3.1034482758620676,7.241379310344829,TRUE,0
28,6,1,1,2,1,1,1,16,3,1,20,3,1,21,4,74,12,0,0,TRUE,1,0.5,0.3333333333333333,0,21,22,17,23.793103448275865,26.896551724137932,22.75862068965517,-2.7931034482758648,-4.896551724137932,-5.758620689655171,FALSE,0
31,7,1,1,2,1,1,1,29,5,1,29,5,1,29,5,100,12,0,1,TRUE,1,0.9666666666666667,0.5,0,30,30,30,23.793103448275865,26.896551724137932,22.75862068965517,6.206896551724135,3.1034482758620676,7.241379310344829,TRUE,1
16,2,0,0,0,0,0,0,0,1,0,0,1,0,0,1,0,12,0,1,FALSE,0,0,0,0,0,0,0,23.793103448275865,26.896551724137932,22.75862068965517,-23.793103448275865,-26.896551724137932,-22.75862068965517,FALSE,0
32,6,1,1,4,1,1,1,21,5,1,23,3,1,17,3,55,12,1,1,TRUE,1,0.3333333333333333,0.16666666666666666,0,24,18,22,23.793103448275865,26.896551724137932,22.75862068965517,0.20689655172413524,-8.896551724137932,-0.7586206896551708,TRUE,1
32,6,1,1,4,1,1,0,14,4,1,25,5,1,18,3,63,12,0,1,TRUE,1,0.3333333333333333,0.16666666666666666,0,26,19,14,23.793103448275865,26.896551724137932,22.75862068965517,2.2068965517241352,-7.896551724137932,-8.75862068965517,TRUE,1
25,5,1,0,4,0,1,0,3,4,0,14,4,1,20,4,13,12,0,1,TRUE,1,0.5,0.3333333333333333,0,14,21,3,23.793103448275865,26.896551724137932,22.75862068965517,-9.793103448275865,-5.896551724137932,-19.75862068965517,FALSE,0
27,6,1,0,2,1,0,0,2,1,0,3,1,0,1,1,40,12,0,0,TRUE,1,0,0.16666666666666666,0,3,1,2,23.793103448275865,26.896551724137932,22.75862068965517,-20.793103448275865,-25.896551724137932,-20.75862068965517,FALSE,0
25,6,1,1,2,1,1,1,26,5,1,26,4,1,26,4,80,12,0,1,TRUE,1,0.9666666666666667,0.9666666666666667,0,27,27,27,23.793103448275865,26.896551724137932,22.75862068965517,3.2068965517241352,0.10344827586206762,4.241379310344829,TRUE,1
12,9,1,1,11,1,0,0,17,3,0,14,3,0,14,3,54,12,0,0,FALSE,1,0.6666666666666666,0.8333333333333334,0,14,14,17,23.793103448275865,26.896551724137932,22.75862068965517,-9.793103448275865,-12.896551724137932,-5.758620689655171,FALSE,0
30,6,1,1,2,1,1,1,26,5,1,25,4,1,24,1,36,12,0,1,TRUE,1,0.9666666666666667,0.9666666666666667,0,26,25,27,23.793103448275865,26.896551724137932,22.75862068965517,2.2068965517241352,-1.8965517241379324,4.241379310344829,TRUE,1
35,7,1,1,3,1,1,1,26,5,1,28,4,1,27,5,95,12,0,1,TRUE,1,0,0.16666666666666666,0,29,28,27,23.793103448275865,26.896551724137932,22.75862068965517,5.206896551724135,1.1034482758620676,4.241379310344829,TRUE,1
28,5,1,0,1,1,0,0,19,3,1,10,3,1,16,3,70,12,0,1,TRUE,1,0.16666666666666666,0.16666666666666666,0,11,17,19,23.793103448275865,26.896551724137932,22.75862068965517,-12.793103448275865,-9.896551724137932,-3.758620689655171,FALSE,0
23,6,1,1,1,1,1,1,18,3,1,29,5,1,29,5,100,12,0,0,TRUE,1,0,0,0,30,30,19,23.793103448275865,26.896551724137932,22.75862068965517,6.206896551724135,3.1034482758620676,-3.758620689655171,TRUE,0
28,6,1,1,2,1,1,1,13,3,1,10,2,1,6,2,38,12,1,0,TRUE,1,0.3333333333333333,0.16666666666666666,0,11,7,14,23.793103448275865,26.896551724137932,22.75862068965517,-12.793103448275865,-19.896551724137932,-8.75862068965517,FALSE,0
30,7,1,1,3,1,0,1,29,3,1,29,5,1,18,4,78,12,0,1,TRUE,1,0.8333333333333334,0.3333333333333333,0,30,19,30,23.793103448275865,26.896551724137932,22.75862068965517,6.206896551724135,-7.896551724137932,7.241379310344829,TRUE,1
25,6,1,1,2,1,1,1,29,5,1,25,5,1,29,5,100,12,0,1,TRUE,1,0.3333333333333333,0.3333333333333333,0,26,30,30,23.793103448275865,26.896551724137932,22.75862068965517,2.2068965517241352,3.1034482758620676,7.241379310344829,TRUE,1
25,5,1,1,4,1,1,1,29,5,1,29,5,1,29,5,52,12,0,0,TRUE,1,0.16666666666666666,0.5,0,30,30,30,23.793103448275865,26.896551724137932,22.75862068965517,6.206896551724135,3.1034482758620676,7.241379310344829,TRUE,0
25,6,1,1,0,1,1,1,5,2,1,11,2,1,4,1,8,12,1,1,TRUE,1,0.3333333333333333,0.16666666666666666,0,12,5,6,23.793103448275865,26.896551724137932,22.75862068965517,-11.793103448275865,-21.896551724137932,-16.75862068965517,FALSE,0
27,5,1,0,2,1,0,0,10,2,0,7,3,1,5,2,50,12,0,0,TRUE,1,0.16666666666666666,0,0,7,6,10,23.793103448275865,26.896551724137932,22.75862068965517,-16.793103448275865,-20.896551724137932,-12.75862068965517,FALSE,0
20,6,1,1,2,1,1,1,29,5,1,29,5,1,29,5,100,12,0,0,TRUE,1,0.16666666666666666,0.9666666666666667,0,30,30,30,23.793103448275865,26.896551724137932,22.75862068965517,6.206896551724135,3.1034482758620676,7.241379310344829,TRUE,0
25,6,1,1,0,1,1,1,4,2,1,10,4,1,29,5,46,12,1,0,TRUE,1,0.16666666666666666,0,0,11,30,5,23.793103448275865,26.896551724137932,22.75862068965517,-12.793103448275865,3.1034482758620676,-17.75862068965517,FALSE,0
29,6,1,1,4,1,1,1,15,3,0,9,2,1,7,3,59,12,0,0,TRUE,1,0.16666666666666666,0.9666666666666667,0,9,8,16,23.793103448275865,26.896551724137932,22.75862068965517,-14.793103448275865,-18.896551724137932,-6.758620689655171,FALSE,0
26,6,1,1,2,1,1,1,25,4,1,25,5,1,25,5,75,12,0,1,TRUE,1,0.9666666666666667,0.3333333333333333,0,26,26,26,23.793103448275865,26.896551724137932,22.75862068965517,2.2068965517241352,-0.8965517241379324,3.241379310344829,TRUE,1
27,6,0,0,0,1,1,1,29,5,1,19,5,1,25,3,9,13,0,0,TRUE,1,0.5,0.16666666666666666,13,20,26,30,25.71428571428571,28.92857142857143,23.57142857142857,-5.714285714285712,-2.9285714285714306,6.428571428571431,FALSE,0
25,6,1,1,1,1,1,1,29,5,1,29,5,1,29,5,63,13,1,1,TRUE,1,0.9666666666666667,0.3333333333333333,0,30,30,30,25.71428571428571,28.92857142857143,23.57142857142857,4.285714285714288,1.0714285714285694,6.428571428571431,TRUE,1
23,6,1,1,0,1,1,1,29,5,1,29,5,1,29,5,100,13,0,0,TRUE,1,0.6666666666666666,0,0,30,30,30,25.71428571428571,28.92857142857143,23.57142857142857,4.285714285714288,1.0714285714285694,6.428571428571431,TRUE,0
27,6,1,1,2,1,1,1,10,3,1,15,3,1,9,2,29,13,0,0,TRUE,1,0,0,0,16,10,11,25.71428571428571,28.92857142857143,23.57142857142857,-9.714285714285712,-18.92857142857143,-12.57142857142857,FALSE,0
22,6,1,1,2,1,1,1,29,5,1,29,5,1,20,3,73,13,0,1,TRUE,1,0.16666666666666666,0.9666666666666667,0,30,21,30,25.71428571428571,28.92857142857143,23.57142857142857,4.285714285714288,-7.928571428571431,6.428571428571431,TRUE,1
21,5,1,0,1,1,0,0,0,2,0,2,4,1,23,3,0,13,1,1,TRUE,1,0.8333333333333334,0.16666666666666666,0,2,24,0,25.71428571428571,28.92857142857143,23.57142857142857,-23.71428571428571,-4.928571428571431,-23.57142857142857,FALSE,0
20,5,1,1,1,1,1,1,0,5,1,29,5,1,29,5,44,13,0,0,TRUE,1,0.3333333333333333,0.16666666666666666,0,30,30,1,25.71428571428571,28.92857142857143,23.57142857142857,4.285714285714288,1.0714285714285694,-22.57142857142857,TRUE,0
26,5,1,1,1,1,1,1,5,2,1,9,2,1,9,2,98,13,0,0,TRUE,1,0.16666666666666666,0.9666666666666667,0,10,10,6,25.71428571428571,28.92857142857143,23.57142857142857,-15.714285714285712,-18.92857142857143,-17.57142857142857,FALSE,0
27,6,1,0,1,1,1,1,26,5,1,20,4,1,29,3,40,13,1,0,TRUE,1,0,0.16666666666666666,0,21,30,27,25.71428571428571,28.92857142857143,23.57142857142857,-4.714285714285712,1.0714285714285694,3.4285714285714306,FALSE,0
21,6,1,1,4,1,1,1,15,4,1,13,3,1,11,3,45,13,0,1,TRUE,1,0,0.16666666666666666,0,14,12,16,25.71428571428571,28.92857142857143,23.57142857142857,-11.714285714285712,-16.92857142857143,-7.571428571428569,FALSE,0
22,5,0,0,1,1,1,1,10,2,1,13,3,1,20,3,38,13,1,0,TRUE,1,0.3333333333333333,0.16666666666666666,0,14,21,11,25.71428571428571,28.92857142857143,23.57142857142857,-11.714285714285712,-7.928571428571431,-12.57142857142857,FALSE,0
32,6,1,0,4,1,1,1,13,2,1,7,3,1,10,2,51,13,0,1,TRUE,1,0,0,0,8,11,14,25.71428571428571,28.92857142857143,23.57142857142857,-17.71428571428571,-17.92857142857143,-9.57142857142857,FALSE,0
23,6,1,1,0,1,1,0,10,2,1,11,2,1,10,3,49,13,0,0,TRUE,1,0,0,0,12,11,10,25.71428571428571,28.92857142857143,23.57142857142857,-13.714285714285712,-17.92857142857143,-13.57142857142857,FALSE,0
20,6,1,1,1,1,1,1,10,4,1,14,3,1,14,3,83,13,0,1,TRUE,1,0.16666666666666666,0.9666666666666667,0,15,15,11,25.71428571428571,28.92857142857143,23.57142857142857,-10.714285714285712,-13.92857142857143,-12.57142857142857,FALSE,0
23,6,1,1,0,1,1,0,15,4,1,14,4,1,11,3,64,13,0,1,TRUE,1,0.8333333333333334,0.8333333333333334,0,15,12,15,25.71428571428571,28.92857142857143,23.57142857142857,-10.714285714285712,-16.92857142857143,-8.57142857142857,FALSE,0
22,5,0,0,2,1,1,1,6,3,0,2,2,1,9,5,30,13,0,1,TRUE,1,0.16666666666666666,0.3333333333333333,0,2,10,7,25.71428571428571,28.92857142857143,23.57142857142857,-23.71428571428571,-18.92857142857143,-16.57142857142857,FALSE,0
22,5,1,1,2,1,1,1,10,5,1,10,5,1,10,5,51,13,1,1,TRUE,1,0.16666666666666666,0.9666666666666667,0,11,11,11,25.71428571428571,28.92857142857143,23.57142857142857,-14.714285714285712,-17.92857142857143,-12.57142857142857,FALSE,0
20,5,0,0,0,1,0,0,16,3,0,25,5,1,20,2,35,13,0,0,TRUE,1,0,0.3333333333333333,0,25,21,16,25.71428571428571,28.92857142857143,23.57142857142857,-0.7142857142857117,-7.928571428571431,-7.571428571428569,FALSE,0
20,6,1,0,3,1,1,1,26,4,1,20,2,1,6,2,58,13,1,1,TRUE,1,0.16666666666666666,0,0,21,7,27,25.71428571428571,28.92857142857143,23.57142857142857,-4.714285714285712,-21.92857142857143,3.4285714285714306,FALSE,0
33,7,1,1,4,1,1,1,0,5,1,3,2,1,29,5,18,13,1,0,TRUE,1,0,0.16666666666666666,0,4,30,1,25.71428571428571,28.92857142857143,23.57142857142857,-21.71428571428571,1.0714285714285694,-22.57142857142857,FALSE,0
22,5,1,1,3,1,1,1,10,3,1,27,4,1,2,1,18,13,1,1,TRUE,1,0.3333333333333333,0.16666666666666666,0,28,3,11,25.71428571428571,28.92857142857143,23.57142857142857,2.2857142857142883,-25.92857142857143,-12.57142857142857,TRUE,1
23,5,1,1,1,0,0,1,20,3,1,20,3,1,20,3,70,13,1,0,TRUE,1,0.5,0.16666666666666666,0,21,21,21,25.71428571428571,28.92857142857143,23.57142857142857,-4.714285714285712,-7.928571428571431,-2.5714285714285694,FALSE,0
24,6,1,1,2,1,1,1,17,3,1,18,3,1,18,3,80,13,0,0,TRUE,1,0.16666666666666666,0.16666666666666666,0,19,19,18,25.71428571428571,28.92857142857143,23.57142857142857,-6.714285714285712,-9.92857142857143,-5.571428571428569,FALSE,0
33,7,1,1,6,1,1,0,25,3,1,14,3,1,20,3,50,13,0,1,TRUE,1,0.9666666666666667,0.16666666666666666,0,15,21,25,25.71428571428571,28.92857142857143,23.57142857142857,-10.714285714285712,-7.928571428571431,1.4285714285714306,FALSE,0
27,6,1,1,1,1,1,1,4,3,1,9,2,1,22,1,46,13,0,1,TRUE,1,0.16666666666666666,0.16666666666666666,0,10,23,5,25.71428571428571,28.92857142857143,23.57142857142857,-15.714285714285712,-5.928571428571431,-18.57142857142857,FALSE,0
21,6,1,1,4,1,1,1,12,3,1,20,3,1,14,2,42,13,1,1,TRUE,1,0.16666666666666666,0.16666666666666666,0,21,15,13,25.71428571428571,28.92857142857143,23.57142857142857,-4.714285714285712,-13.92857142857143,-10.57142857142857,FALSE,0
20,6,0,1,3,1,0,0,3,2,1,3,2,1,5,2,100,13,0,1,TRUE,1,0.16666666666666666,0.16666666666666666,0,4,6,3,25.71428571428571,28.92857142857143,23.57142857142857,-21.71428571428571,-22.92857142857143,-20.57142857142857,FALSE,0
21,6,0,0,3,1,0,1,5,1,0,29,5,0,3,2,50,13,0,1,TRUE,1,0,0,0,29,3,6,25.71428571428571,28.92857142857143,23.57142857142857,3.2857142857142883,-25.92857142857143,-17.57142857142857,TRUE,1
33,7,1,0,3,0,1,1,25,3,1,29,5,1,29,5,40,14,1,0,TRUE,1,0.16666666666666666,0.9666666666666667,14,30,30,26,26,27,15,4,3,11,TRUE,0
26,6,1,1,1,1,1,0,13,2,1,22,4,1,23,4,50,14,0,0,TRUE,1,0.9666666666666667,0.16666666666666666,0,23,24,13,26,27,15,-3,-3,-2,FALSE,0
31,7,1,0,2,1,1,1,29,5,1,29,5,1,29,5,100,14,0,1,TRUE,1,0.9666666666666667,0.9666666666666667,0,30,30,30,26,27,15,4,3,15,TRUE,1
35,6,0,0,3,1,1,0,10,3,1,20,2,1,21,2,27,14,0,1,TRUE,1,0.9666666666666667,0,0,21,22,10,26,27,15,-5,-5,-5,FALSE,0
29,6,1,1,1,1,1,0,20,3,1,8,3,0,13,3,60,14,0,0,TRUE,1,0.9666666666666667,0.16666666666666666,0,9,13,20,26,27,15,-17,-14,5,FALSE,0
23,6,1,0,2,1,1,1,18,2,1,11,2,1,12,2,20,14,0,0,TRUE,1,0,0.9666666666666667,0,12,13,19,26,27,15,-14,-14,4,FALSE,0
23,6,1,1,3,1,1,1,29,5,1,29,5,1,29,5,100,14,1,0,TRUE,1,0.9666666666666667,0.3333333333333333,0,30,30,30,26,27,15,4,3,15,TRUE,0
30,7,1,1,3,1,1,1,22,3,1,7,4,1,6,3,NA,14,0,1,TRUE,1,0.3333333333333333,0.5,0,8,7,23,26,27,15,-18,-20,8,FALSE,0
22,6,1,0,0,1,1,0,29,3,0,14,4,1,14,2,50,14,0,1,TRUE,1,0.9666666666666667,0.16666666666666666,0,14,15,29,26,27,15,-12,-12,14,FALSE,0
26,6,1,0,3,1,1,1,3,2,1,3,2,1,3,2,100,14,1,1,TRUE,1,0.16666666666666666,0.9666666666666667,0,4,4,4,26,27,15,-22,-23,-11,FALSE,0
28,6,1,1,1,1,1,0,29,5,1,25,4,1,29,5,70,14,0,0,TRUE,1,0,0,0,26,30,29,26,27,15,0,3,14,FALSE,0
33,7,1,0,2,1,1,0,13,4,1,10,4,1,12,5,34,14,1,1,TRUE,1,0.9666666666666667,0.9666666666666667,0,11,13,13,26,27,15,-15,-14,-2,FALSE,0
21,5,0,0,4,1,1,1,29,3,1,18,3,1,16,2,34,14,1,1,TRUE,1,0.8333333333333334,0.9666666666666667,0,19,17,30,26,27,15,-7,-10,15,FALSE,0
23,6,1,1,1,1,1,1,17,3,1,10,2,1,15,2,70,14,1,0,TRUE,1,0.9666666666666667,0.9666666666666667,0,11,16,18,26,27,15,-15,-11,3,FALSE,0
20,6,1,0,0,1,1,1,14,3,1,13,4,1,20,4,34,14,0,0,FALSE,1,0.9666666666666667,0.16666666666666666,0,14,21,15,26,27,15,-12,-6,0,FALSE,0
23,6,1,1,2,1,1,1,29,2,1,5,2,1,14,2,24,14,0,1,TRUE,1,0.9666666666666667,0.3333333333333333,0,6,15,30,26,27,15,-20,-12,15,FALSE,0
326,6,1,1,2,1,1,1,7,2,1,10,2,1,6,2,100,14,0,0,TRUE,1,0.16666666666666666,0.9666666666666667,0,11,7,8,26,27,15,-15,-20,-7,FALSE,0
23,6,1,0,0,1,1,0,11,5,1,26,4,1,21,3,57,14,1,1,TRUE,1,0.9666666666666667,0.9666666666666667,0,27,22,11,26,27,15,1,-5,-4,TRUE,1
27,6,0,0,0,1,1,0,6,3,1,25,5,1,29,5,98,14,1,1,TRUE,1,0.9666666666666667,0,0,26,30,6,26,27,15,0,3,-9,FALSE,0
19,6,0,1,0,1,1,1,5,3,1,13,3,1,18,3,33,14,0,1,TRUE,1,0.16666666666666666,0.9666666666666667,0,14,19,6,26,27,15,-12,-8,-9,FALSE,0
35,7,1,0,4,1,1,1,7,2,1,2,2,1,3,2,20,14,1,1,TRUE,1,0.5,0.3333333333333333,0,3,4,8,26,27,15,-23,-23,-7,FALSE,0
35,7,1,1,3,1,1,0,27,5,0,5,4,1,29,5,100,14,1,1,TRUE,1,0.8333333333333334,0.3333333333333333,0,5,30,27,26,27,15,-21,3,12,FALSE,0
27,6,1,0,1,1,1,1,27,3,0,29,5,0,29,5,43,14,0,1,TRUE,1,0.16666666666666666,0.16666666666666666,0,29,29,28,26,27,15,3,2,13,TRUE,1
29,6,1,1,3,1,0,0,13,4,1,14,3,0,21,3,22,14,1,0,TRUE,1,0.16666666666666666,0,0,15,21,13,26,27,15,-11,-6,-2,FALSE,0
30,7,1,1,4,1,1,0,15,3,1,15,3,1,15,3,50,14,1,0,TRUE,1,0.9666666666666667,0.3333333333333333,0,16,16,15,26,27,15,-10,-11,0,FALSE,0
30,7,1,1,3,1,1,1,29,5,1,6,2,1,27,5,33,14,1,1,TRUE,1,0.9666666666666667,0.9666666666666667,0,7,28,30,26,27,15,-19,1,15,FALSE,0
25,6,1,1,1,1,1,0,28,4,1,28,3,1,27,3,63,14,0,1,TRUE,1,0.9666666666666667,0.16666666666666666,0,29,28,28,26,27,15,3,1,13,TRUE,1
35,7,1,1,1,0,1,0,15,3,1,13,4,1,17,4,100,14,0,1,TRUE,1,0.9666666666666667,0.9666666666666667,0,14,18,15,26,27,15,-12,-9,0,FALSE,0
28,7,1,0,0,0,1,0,10,3,1,10,4,1,16,4,52,14,0,0,TRUE,1,0.9666666666666667,0.5,0,11,17,10,26,27,15,-15,-10,-5,FALSE,0
30,5,0,1,11,1,1,0,10,3,0,13,2,1,11,3,23,14,0,1,TRUE,1,0.9666666666666667,0.5,0,13,12,10,26,27,15,-13,-15,-5,FALSE,0
29,3,1,1,3,1,1,1,8,2,1,7,2,1,5,4,52,15,0,1,TRUE,1,0.5,0.16666666666666666,15,8,6,9,23.793103448275865,27.93103448275862,21.724137931034484,-15.793103448275865,-21.93103448275862,-12.724137931034484,FALSE,0
27,7,1,1,2,1,0,1,19,4,1,15,3,1,4,3,48,15,0,0,TRUE,1,0,0,0,16,5,20,23.793103448275865,27.93103448275862,21.724137931034484,-7.793103448275865,-22.93103448275862,-1.724137931034484,FALSE,0
30,5,1,0,3,1,1,0,3,4,1,11,4,0,9,4,NA,15,0,0,TRUE,1,0.3333333333333333,0.16666666666666666,0,12,9,3,23.793103448275865,27.93103448275862,21.724137931034484,-11.793103448275865,-18.93103448275862,-18.724137931034484,FALSE,0
33,5,1,1,2,1,1,1,6,2,1,5,2,1,8,2,8,15,0,0,TRUE,1,0.16666666666666666,0.9666666666666667,0,6,9,7,23.793103448275865,27.93103448275862,21.724137931034484,-17.793103448275865,-18.93103448275862,-14.724137931034484,FALSE,0
22,8,0,1,3,1,1,0,10,4,1,7,2,1,9,3,98,15,0,0,TRUE,1,0.6666666666666666,0.9666666666666667,0,8,10,10,23.793103448275865,27.93103448275862,21.724137931034484,-15.793103448275865,-17.93103448275862,-11.724137931034484,FALSE,0
23,6,1,0,4,1,1,1,15,5,0,17,4,1,24,5,66,15,1,0,TRUE,1,0.3333333333333333,0.3333333333333333,0,17,25,16,23.793103448275865,27.93103448275862,21.724137931034484,-6.793103448275865,-2.931034482758619,-5.724137931034484,FALSE,0
32,6,1,1,3,1,1,1,16,2,1,11,2,1,9,2,21,15,0,1,TRUE,1,0.8333333333333334,0.16666666666666666,0,12,10,17,23.793103448275865,27.93103448275862,21.724137931034484,-11.793103448275865,-17.93103448275862,-4.724137931034484,FALSE,0
32,6,1,0,2,1,1,1,10,3,1,12,2,1,10,2,53,15,0,0,TRUE,1,0.16666666666666666,0.9666666666666667,0,13,11,11,23.793103448275865,27.93103448275862,21.724137931034484,-10.793103448275865,-16.93103448275862,-10.724137931034484,FALSE,0
33,7,1,0,2,0,0,0,5,5,1,15,3,1,18,2,51,15,0,1,TRUE,1,0.5,0.16666666666666666,0,16,19,5,23.793103448275865,27.93103448275862,21.724137931034484,-7.793103448275865,-8.93103448275862,-16.724137931034484,FALSE,0
27,6,1,1,2,1,1,0,23,4,1,26,4,1,26,4,95,15,1,0,TRUE,1,0.16666666666666666,0,0,27,27,23,23.793103448275865,27.93103448275862,21.724137931034484,3.2068965517241352,-0.9310344827586192,1.275862068965516,TRUE,0
32,5,1,0,3,1,1,0,19,4,1,11,4,1,13,4,41,15,0,1,TRUE,1,0.8333333333333334,0,0,12,14,19,23.793103448275865,27.93103448275862,21.724137931034484,-11.793103448275865,-13.93103448275862,-2.724137931034484,FALSE,0
25,6,1,1,1,1,0,0,9,5,1,11,4,1,14,2,59,15,1,1,TRUE,1,0.3333333333333333,0.6666666666666666,0,12,15,9,23.793103448275865,27.93103448275862,21.724137931034484,-11.793103448275865,-12.93103448275862,-12.724137931034484,FALSE,0
20,6,1,0,2,0,1,1,6,3,1,12,3,1,14,3,56,15,1,1,TRUE,1,0.8333333333333334,0.6666666666666666,0,13,15,7,23.793103448275865,27.93103448275862,21.724137931034484,-10.793103448275865,-12.93103448275862,-14.724137931034484,FALSE,0
27,3,1,0,1,1,1,1,24,1,1,14,1,1,27,4,60,15,0,0,TRUE,1,0.3333333333333333,0.16666666666666666,0,15,28,25,23.793103448275865,27.93103448275862,21.724137931034484,-8.793103448275865,0.06896551724138078,3.275862068965516,FALSE,0
21,6,1,0,0,1,1,1,24,5,0,24,5,1,24,5,96,15,0,1,TRUE,1,0.8333333333333334,0.8333333333333334,0,24,25,25,23.793103448275865,27.93103448275862,21.724137931034484,0.20689655172413524,-2.931034482758619,3.275862068965516,TRUE,1
24,6,1,1,1,1,0,0,11,2,1,9,2,0,29,2,71,15,0,1,TRUE,1,0.3333333333333333,0,0,10,29,11,23.793103448275865,27.93103448275862,21.724137931034484,-13.793103448275865,1.0689655172413808,-10.724137931034484,FALSE,0
23,8,1,1,2,1,1,0,12,5,0,0,2,1,22,3,18,15,0,0,TRUE,1,0.5,0.5,0,0,23,12,23.793103448275865,27.93103448275862,21.724137931034484,-23.793103448275865,-4.931034482758619,-9.724137931034484,FALSE,0
23,5,1,1,2,1,1,1,16,4,1,29,5,1,27,4,100,15,0,1,TRUE,1,0.16666666666666666,0.9666666666666667,0,30,28,17,23.793103448275865,27.93103448275862,21.724137931034484,6.206896551724135,0.06896551724138078,-4.724137931034484,TRUE,1
27,7,1,1,2,1,0,1,22,3,1,22,3,1,22,3,23,15,0,0,TRUE,1,0,0,0,23,23,23,23.793103448275865,27.93103448275862,21.724137931034484,-0.7931034482758648,-4.931034482758619,1.275862068965516,FALSE,0
21,3,1,1,4,1,1,1,6,5,1,5,5,1,3,5,14,15,1,0,TRUE,1,0.8333333333333334,0.5,0,6,4,7,23.793103448275865,27.93103448275862,21.724137931034484,-17.793103448275865,-23.93103448275862,-14.724137931034484,FALSE,0
27,7,1,0,1,1,1,1,5,2,0,4,2,1,13,3,65,15,0,0,TRUE,1,0.3333333333333333,0.16666666666666666,0,4,14,6,23.793103448275865,27.93103448275862,21.724137931034484,-19.793103448275865,-13.93103448275862,-15.724137931034484,FALSE,0
31,7,1,1,5,1,1,1,19,3,1,29,2,1,20,3,60,15,0,1,TRUE,1,0.5,0.6666666666666666,0,30,21,20,23.793103448275865,27.93103448275862,21.724137931034484,6.206896551724135,-6.931034482758619,-1.724137931034484,TRUE,1
31,9,1,1,1,1,1,1,8,3,1,12,3,1,12,4,54,15,0,0,TRUE,1,0.3333333333333333,0.9666666666666667,0,13,13,9,23.793103448275865,27.93103448275862,21.724137931034484,-10.793103448275865,-14.93103448275862,-12.724137931034484,FALSE,0
35,6,1,1,5,1,1,1,23,3,1,19,3,1,29,4,51,15,1,1,TRUE,1,0,0.8333333333333334,0,20,30,24,23.793103448275865,27.93103448275862,21.724137931034484,-3.7931034482758648,2.068965517241381,2.275862068965516,FALSE,0
26,6,1,0,1,1,1,1,10,5,1,15,2,1,7,3,25,15,1,1,TRUE,1,0.3333333333333333,0.16666666666666666,0,16,8,11,23.793103448275865,27.93103448275862,21.724137931034484,-7.793103448275865,-19.93103448275862,-10.724137931034484,FALSE,0
28,6,1,1,4,1,1,1,23,5,1,24,5,1,24,5,63,15,1,1,TRUE,1,0.8333333333333334,0.16666666666666666,0,25,25,24,23.793103448275865,27.93103448275862,21.724137931034484,1.2068965517241352,-2.931034482758619,2.275862068965516,TRUE,1
25,5,1,0,1,1,1,1,10,3,0,10,2,1,19,5,30,15,1,1,TRUE,1,0.16666666666666666,0.9666666666666667,0,10,20,11,23.793103448275865,27.93103448275862,21.724137931034484,-13.793103448275865,-7.931034482758619,-10.724137931034484,FALSE,0
20,3,1,0,1,0,1,1,29,4,0,29,5,1,29,5,50,15,1,1,TRUE,1,0.6666666666666666,0.16666666666666666,0,29,30,30,23.793103448275865,27.93103448275862,21.724137931034484,5.206896551724135,2.068965517241381,8.275862068965516,TRUE,1
21,3,0,1,0,1,1,1,29,3,1,29,5,1,14,3,75,15,1,0,TRUE,1,0.16666666666666666,0.8333333333333334,0,30,15,30,23.793103448275865,27.93103448275862,21.724137931034484,6.206896551724135,-12.93103448275862,8.275862068965516,TRUE,0
34,7,0,1,0,0,1,1,11,5,1,29,5,0,12,5,88,16,0,0,TRUE,1,0,0,16,30,12,12,21.11111111111111,24.444444444444443,14.444444444444443,8.88888888888889,-12.444444444444443,-2.444444444444443,TRUE,0
22,5,1,1,2,1,1,1,29,5,1,29,5,1,29,5,77,16,0,1,TRUE,1,0.16666666666666666,0.16666666666666666,0,30,30,30,21.11111111111111,24.444444444444443,14.444444444444443,8.88888888888889,5.555555555555557,15.555555555555557,TRUE,1
33,6,1,0,3,1,1,1,20,4,1,20,3,1,27,5,47,16,0,1,TRUE,1,0.9666666666666667,0.9666666666666667,0,21,28,21,21.11111111111111,24.444444444444443,14.444444444444443,-0.11111111111111072,3.555555555555557,6.555555555555557,FALSE,0
28,6,1,0,4,1,1,0,6,3,1,23,4,1,29,3,91,16,0,1,TRUE,1,0.9666666666666667,0.9666666666666667,0,24,30,6,21.11111111111111,24.444444444444443,14.444444444444443,2.8888888888888893,5.555555555555557,-8.444444444444443,TRUE,1
31,5,1,1,2,1,1,0,5,2,1,5,2,1,12,3,46,16,0,1,TRUE,1,0,0,0,6,13,5,21.11111111111111,24.444444444444443,14.444444444444443,-15.11111111111111,-11.444444444444443,-9.444444444444443,FALSE,0
30,7,1,1,2,1,1,1,7,2,0,6,2,1,6,2,14,16,0,0,TRUE,1,0.16666666666666666,0.16666666666666666,0,6,7,8,21.11111111111111,24.444444444444443,14.444444444444443,-15.11111111111111,-17.444444444444443,-6.444444444444443,FALSE,0
28,6,1,0,2,1,1,1,10,2,0,6,2,0,6,1,100,16,0,1,TRUE,1,0,0.9666666666666667,0,6,6,11,21.11111111111111,24.444444444444443,14.444444444444443,-15.11111111111111,-18.444444444444443,-3.444444444444443,FALSE,0
35,7,1,0,2,0,1,0,0,5,0,10,4,1,10,4,31,16,0,1,TRUE,1,0,0,0,10,11,0,21.11111111111111,24.444444444444443,14.444444444444443,-11.11111111111111,-13.444444444444443,-14.444444444444443,FALSE,0
26,5,1,0,0,1,1,1,6,3,1,6,2,1,6,2,10,16,0,1,FALSE,1,0.16666666666666666,0.16666666666666666,0,7,7,7,21.11111111111111,24.444444444444443,14.444444444444443,-14.11111111111111,-17.444444444444443,-7.444444444444443,FALSE,0
33,7,1,0,11,1,1,0,6,2,1,7,3,1,6,4,23,16,0,0,TRUE,1,0.9666666666666667,0.9666666666666667,0,8,7,6,21.11111111111111,24.444444444444443,14.444444444444443,-13.11111111111111,-17.444444444444443,-8.444444444444443,FALSE,0
30,7,1,0,1,1,1,1,23,5,1,29,5,1,21,5,100,16,0,0,TRUE,1,0.3333333333333333,0.3333333333333333,0,30,22,24,21.11111111111111,24.444444444444443,14.444444444444443,8.88888888888889,-2.444444444444443,9.555555555555557,TRUE,0
25,6,1,1,2,1,1,1,23,4,1,29,5,1,24,4,80,16,0,1,TRUE,1,0.9666666666666667,0.9666666666666667,0,30,25,24,21.11111111111111,24.444444444444443,14.444444444444443,8.88888888888889,0.5555555555555571,9.555555555555557,TRUE,1
27,6,1,1,3,1,1,0,10,3,0,10,3,1,10,3,88,16,0,1,TRUE,1,0,0.9666666666666667,0,10,11,10,21.11111111111111,24.444444444444443,14.444444444444443,-11.11111111111111,-13.444444444444443,-4.444444444444443,FALSE,0
34,7,0,0,2,1,1,0,16,4,1,23,5,1,12,5,88,16,0,0,TRUE,1,0,0,0,24,13,16,21.11111111111111,24.444444444444443,14.444444444444443,2.8888888888888893,-11.444444444444443,1.5555555555555571,TRUE,0
21,5,1,1,2,1,0,1,10,2,1,21,3,0,10,2,37,16,0,1,TRUE,1,0.16666666666666666,0,0,22,10,11,21.11111111111111,24.444444444444443,14.444444444444443,0.8888888888888893,-14.444444444444443,-3.444444444444443,TRUE,1
34,6,0,0,3,1,0,0,16,4,1,15,3,1,17,3,47,16,0,0,TRUE,1,0.16666666666666666,0.3333333333333333,0,16,18,16,21.11111111111111,24.444444444444443,14.444444444444443,-5.111111111111111,-6.444444444444443,1.5555555555555571,FALSE,0
30,7,1,1,2,1,1,1,7,2,1,3,2,1,16,4,50,16,0,1,TRUE,1,0.16666666666666666,0.16666666666666666,0,4,17,8,21.11111111111111,24.444444444444443,14.444444444444443,-17.11111111111111,-7.444444444444443,-6.444444444444443,FALSE,0
20,5,1,1,0,1,0,0,10,5,0,0,5,1,15,5,56,16,0,1,TRUE,1,0.16666666666666666,0.9666666666666667,0,0,16,10,21.11111111111111,24.444444444444443,14.444444444444443,-21.11111111111111,-8.444444444444443,-4.444444444444443,FALSE,0
22,4,1,1,1,1,1,0,17,4,0,12,2,1,29,3,41,16,0,0,TRUE,1,0.9666666666666667,0.8333333333333334,0,12,30,17,21.11111111111111,24.444444444444443,14.444444444444443,-9.11111111111111,5.555555555555557,2.555555555555557,FALSE,0
30,6,1,1,1,1,1,0,1,1,1,4,2,1,3,1,19,16,0,0,TRUE,1,0.16666666666666666,0.16666666666666666,0,5,4,1,21.11111111111111,24.444444444444443,14.444444444444443,-16.11111111111111,-20.444444444444443,-13.444444444444443,FALSE,0
23,6,1,1,2,1,0,1,24,3,1,29,4,1,29,5,100,16,0,1,TRUE,1,0.5,0.16666666666666666,0,30,30,25,21.11111111111111,24.444444444444443,14.444444444444443,8.88888888888889,5.555555555555557,10.555555555555557,TRUE,1
30,7,1,0,2,1,1,0,6,4,1,13,3,1,28,5,84,16,0,0,TRUE,1,0.8333333333333334,0.5,0,14,29,6,21.11111111111111,24.444444444444443,14.444444444444443,-7.111111111111111,4.555555555555557,-8.444444444444443,FALSE,0
21,6,1,1,2,1,1,0,1,1,1,14,2,1,6,2,17,16,1,0,TRUE,1,0.9666666666666667,0.16666666666666666,0,15,7,1,21.11111111111111,24.444444444444443,14.444444444444443,-6.111111111111111,-17.444444444444443,-13.444444444444443,FALSE,0
28,3,1,1,5,1,1,1,11,2,1,13,2,1,9,2,23,16,0,0,TRUE,1,0.3333333333333333,0.3333333333333333,0,14,10,12,21.11111111111111,24.444444444444443,14.444444444444443,-7.111111111111111,-14.444444444444443,-2.444444444444443,FALSE,0
31,6,1,1,3,1,1,0,6,3,0,20,3,1,18,4,70,16,0,0,TRUE,1,0.9666666666666667,0,0,20,19,6,21.11111111111111,24.444444444444443,14.444444444444443,-1.1111111111111107,-5.444444444444443,-8.444444444444443,FALSE,0
21,3,1,1,0,1,1,1,15,3,1,15,3,0,8,3,50,16,1,1,TRUE,1,0.9666666666666667,0.9666666666666667,0,16,8,16,21.11111111111111,24.444444444444443,14.444444444444443,-5.111111111111111,-16.444444444444443,1.5555555555555571,FALSE,0
333,7,1,1,2,1,0,0,17,3,0,19,4,0,15,4,64,16,0,1,TRUE,1,0.3333333333333333,0.9666666666666667,0,19,15,17,21.11111111111111,24.444444444444443,14.444444444444443,-2.1111111111111107,-9.444444444444443,2.555555555555557,FALSE,0
32,7,1,0,2,0,0,1,20,4,0,23,5,1,29,5,60,17,0,1,TRUE,1,0.8333333333333334,0.16666666666666666,17,23,30,21,22.5,24.642857142857142,21.42857142857143,0.5,5.357142857142858,-0.4285714285714306,TRUE,1
26,6,1,1,1,1,1,1,26,3,1,18,3,1,16,5,26,17,0,0,TRUE,1,0.9666666666666667,0.9666666666666667,0,19,17,27,22.5,24.642857142857142,21.42857142857143,-3.5,-7.642857142857142,5.571428571428569,FALSE,0
33,7,1,0,3,0,1,1,25,4,0,18,3,1,29,5,79,17,0,1,TRUE,1,0.6666666666666666,0.16666666666666666,0,18,30,26,22.5,24.642857142857142,21.42857142857143,-4.5,5.357142857142858,4.571428571428569,FALSE,0
25,6,1,1,1,1,1,1,29,5,1,29,5,1,29,5,70,17,0,0,TRUE,1,0.9666666666666667,0.16666666666666666,0,30,30,30,22.5,24.642857142857142,21.42857142857143,7.5,5.357142857142858,8.57142857142857,TRUE,0
31,7,0,0,2,1,1,0,4,2,1,12,3,1,13,3,33,17,0,1,TRUE,1,0.16666666666666666,0,0,13,14,4,22.5,24.642857142857142,21.42857142857143,-9.5,-10.642857142857142,-17.42857142857143,FALSE,0
27,6,1,1,11,1,0,1,1,1,1,1,1,1,1,1,1,17,0,1,TRUE,1,0.9666666666666667,0.16666666666666666,0,2,2,2,22.5,24.642857142857142,21.42857142857143,-20.5,-22.642857142857142,-19.42857142857143,FALSE,0
26,6,1,0,2,1,1,1,23,3,1,7,3,1,16,3,59,17,0,1,TRUE,1,0.3333333333333333,0.9666666666666667,0,8,17,24,22.5,24.642857142857142,21.42857142857143,-14.5,-7.642857142857142,2.5714285714285694,FALSE,0
25,6,1,0,1,1,1,0,29,3,1,29,3,1,29,3,30,17,0,1,TRUE,1,0,0,0,30,30,29,22.5,24.642857142857142,21.42857142857143,7.5,5.357142857142858,7.571428571428569,TRUE,1
26,6,1,1,3,0,1,0,29,5,1,29,5,1,29,5,100,17,0,1,TRUE,1,0.8333333333333334,0.9666666666666667,0,30,30,29,22.5,24.642857142857142,21.42857142857143,7.5,5.357142857142858,7.571428571428569,TRUE,1
27,7,1,1,3,1,1,1,10,3,1,9,3,1,9,3,35,17,0,0,TRUE,1,0,0,0,10,10,11,22.5,24.642857142857142,21.42857142857143,-12.5,-14.642857142857142,-10.42857142857143,FALSE,0
21,6,1,1,3,1,1,0,10,3,1,4,2,0,6,3,26,17,0,1,TRUE,1,0.3333333333333333,0.3333333333333333,0,5,6,10,22.5,24.642857142857142,21.42857142857143,-17.5,-18.642857142857142,-11.42857142857143,FALSE,0
25,6,1,0,0,1,1,1,20,3,1,15,3,1,18,3,45,17,0,0,TRUE,1,0,0,0,16,19,21,22.5,24.642857142857142,21.42857142857143,-6.5,-5.642857142857142,-0.4285714285714306,FALSE,0
26,6,1,1,0,1,1,0,10,5,1,23,4,1,21,5,62,17,0,1,TRUE,1,0.16666666666666666,0,0,24,22,10,22.5,24.642857142857142,21.42857142857143,1.5,-2.6428571428571423,-11.42857142857143,TRUE,1
27,6,1,0,2,1,1,1,22,5,1,22,5,1,25,5,50,17,1,0,TRUE,1,0.3333333333333333,0.9666666666666667,0,23,26,23,22.5,24.642857142857142,21.42857142857143,0.5,1.3571428571428577,1.5714285714285694,TRUE,0
25,3,0,0,0,1,1,1,16,3,0,29,5,0,29,5,42,17,0,0,FALSE,1,0.8333333333333334,0.16666666666666666,0,29,29,17,22.5,24.642857142857142,21.42857142857143,6.5,4.357142857142858,-4.428571428571431,TRUE,0
30,7,1,0,0,1,0,0,20,3,1,10,3,1,15,3,30,17,0,0,TRUE,1,0.16666666666666666,0.16666666666666666,0,11,16,20,22.5,24.642857142857142,21.42857142857143,-11.5,-8.642857142857142,-1.4285714285714306,FALSE,0
25,6,1,1,2,1,1,1,23,5,1,25,4,1,29,5,85,17,0,1,TRUE,1,0.8333333333333334,0.16666666666666666,0,26,30,24,22.5,24.642857142857142,21.42857142857143,3.5,5.357142857142858,2.5714285714285694,TRUE,1
30,7,1,1,3,0,1,1,11,3,1,13,3,1,12,3,41,17,1,1,TRUE,1,0,0,0,14,13,12,22.5,24.642857142857142,21.42857142857143,-8.5,-11.642857142857142,-9.42857142857143,FALSE,0
32,7,1,1,2,1,0,1,20,3,1,21,3,1,19,4,33,17,0,0,TRUE,1,0.9666666666666667,0,0,22,20,21,22.5,24.642857142857142,21.42857142857143,-0.5,-4.642857142857142,-0.4285714285714306,FALSE,0
30,7,1,1,0,1,1,1,27,3,1,28,4,1,28,5,0,17,0,0,TRUE,1,0.16666666666666666,0.8333333333333334,0,29,29,28,22.5,24.642857142857142,21.42857142857143,6.5,4.357142857142858,6.571428571428569,TRUE,0
31,5,1,0,2,1,0,0,21,3,1,10,4,1,20,3,85,17,0,1,TRUE,1,0.16666666666666666,0.16666666666666666,0,11,21,21,22.5,24.642857142857142,21.42857142857143,-11.5,-3.6428571428571423,-0.4285714285714306,FALSE,0
29,6,1,0,3,0,0,1,29,1,0,12,3,1,18,3,53,17,0,0,TRUE,1,0,0.9666666666666667,0,12,19,30,22.5,24.642857142857142,21.42857142857143,-10.5,-5.642857142857142,8.57142857142857,FALSE,0
29,6,0,0,0,0,1,1,18,3,0,27,3,0,21,3,43,17,0,1,TRUE,1,0.16666666666666666,0.16666666666666666,0,27,21,19,22.5,24.642857142857142,21.42857142857143,4.5,-3.6428571428571423,-2.4285714285714306,TRUE,1
26,6,1,1,2,1,1,1,25,4,1,28,5,1,29,5,100,17,1,1,TRUE,1,0.16666666666666666,0,0,29,30,26,22.5,24.642857142857142,21.42857142857143,6.5,5.357142857142858,4.571428571428569,TRUE,1
29,6,1,0,1,1,0,1,17,3,1,20,3,1,13,3,45,17,0,1,TRUE,1,0.6666666666666666,0.3333333333333333,0,21,14,18,22.5,24.642857142857142,21.42857142857143,-1.5,-10.642857142857142,-3.4285714285714306,FALSE,0
160,2,0,0,8,1,1,1,10,4,0,15,3,0,14,3,61,17,0,1,FALSE,0,0.6666666666666666,0.5,0,15,14,11,22.5,24.642857142857142,21.42857142857143,-7.5,-10.642857142857142,-10.42857142857143,FALSE,0
32,7,1,0,1,1,0,1,20,4,0,9,4,0,10,4,50,17,0,1,TRUE,1,0.16666666666666666,0.16666666666666666,0,9,10,21,22.5,24.642857142857142,21.42857142857143,-13.5,-14.642857142857142,-0.4285714285714306,FALSE,0
30,6,1,1,3,1,0,0,25,1,1,20,1,1,29,1,23,17,1,0,TRUE,1,0,0,0,21,30,25,22.5,24.642857142857142,21.42857142857143,-1.5,5.357142857142858,3.5714285714285694,FALSE,0
